Series,Length,Method,Size,Cmpr,Date    Time,CRC-32,Name
mmwr,76676,Defl:X,19000,75%,2025-01-07 18:00,c6c4673e,mmwr/ind2023_su.html
mmwr,81449,Defl:X,19951,76%,2025-01-07 18:00,a6710c7b,mmwr/ind2024_su.html
mmwr,166129,Defl:X,35347,79%,2025-01-07 18:00,7b6b261e,mmwr/index2023.html
mmwr,147733,Defl:X,32813,78%,2025-01-07 18:00,df1fe2d2,mmwr/index2024.html
mmwr,77094,Defl:X,19187,75%,2025-01-07 18:00,cfd3a047,mmwr/indrr_2023.html
mmwr,76941,Defl:X,19165,75%,2025-01-07 18:00,38dabbbd,mmwr/indrr_2024.html
mmwr,77925,Defl:X,19547,75%,2025-01-07 18:00,0f963b6b,mmwr/indss_2023.html
mmwr,77885,Defl:X,19449,75%,2025-01-07 18:00,fc48f33b,mmwr/indss_2024.html
mmwr,76944,Defl:X,18909,75%,2025-01-07 18:00,84f13ca4,mmwr/mmwr_rr/rr_pvol.html
mmwr,77375,Defl:X,19044,75%,2025-01-07 18:00,913fca6f,mmwr/mmwr_ss/ss_pvol.html
mmwr,75762,Defl:X,18700,75%,2025-01-07 18:00,b11894d9,mmwr/mmwr_su/index.html
mmwr,77512,Defl:X,19020,76%,2025-01-07 18:00,ad357a2d,mmwr/mmwr_wk/wk_pvol.html
mmwr,392478,Defl:X,84233,79%,2025-01-07 18:00,6115e82d,mmwr/volumes/73/rr/rr7301a1.htm
mmwr,144865,Defl:X,36529,75%,2025-01-07 18:00,7b320fd0,mmwr/volumes/73/rr/rr7302a1.htm
mmwr,677279,Defl:X,118850,83%,2025-01-07 18:00,6065ed53,mmwr/volumes/73/rr/rr7303a1.htm
mmwr,159758,Defl:X,40011,75%,2025-01-07 18:00,b4ccc72d,mmwr/volumes/73/rr/rr7304a1.htm
mmwr,300162,Defl:X,63965,79%,2025-01-07 18:00,3cc5e45d,mmwr/volumes/73/rr/rr7305a1.htm
mmwr,321445,Defl:X,78958,75%,2025-01-07 18:00,befd3aed,mmwr/volumes/73/rr/rr7306a1.htm
mmwr,314314,Defl:X,44889,86%,2025-01-07 18:00,6b64027a,mmwr/volumes/73/ss/ss7301a1.htm
mmwr,178708,Defl:X,40781,77%,2025-01-07 18:00,bbd4fe38,mmwr/volumes/73/ss/ss7302a1.htm
mmwr,330135,Defl:X,64851,80%,2025-01-07 18:00,7019bfda,mmwr/volumes/73/ss/ss7303a1.htm
mmwr,269040,Defl:X,43206,84%,2025-01-07 18:00,e8df1dab,mmwr/volumes/73/ss/ss7304a1.htm
mmwr,448125,Defl:X,90221,80%,2025-01-07 18:00,88ab98ac,mmwr/volumes/73/ss/ss7305a1.htm
mmwr,244465,Defl:X,51939,79%,2025-01-07 18:00,44d6670c,mmwr/volumes/73/ss/ss7306a1.htm
mmwr,448561,Defl:X,69252,85%,2025-01-07 18:00,2c5019c1,mmwr/volumes/73/ss/ss7307a1.htm
mmwr,210308,Defl:X,39909,81%,2025-01-07 18:00,aa13800e,mmwr/volumes/73/ss/ss7308a1.htm
mmwr,240495,Defl:X,52775,78%,2025-01-07 18:00,4bd4a8b2,mmwr/volumes/73/ss/ss7309a1.htm
mmwr,151420,Defl:X,36863,76%,2025-01-07 18:00,fe2d5f69,mmwr/volumes/73/su/su7301a1.htm
mmwr,209083,Defl:X,40571,81%,2025-01-07 18:00,5301f8e0,mmwr/volumes/73/su/su7301a2.htm
mmwr,218555,Defl:X,44641,80%,2025-01-07 18:00,a0fc0f20,mmwr/volumes/73/su/su7301a3.htm
mmwr,138320,Defl:X,32892,76%,2025-01-07 18:00,804bb6ca,mmwr/volumes/73/su/su7301a4.htm
mmwr,192794,Defl:X,42516,78%,2025-01-07 18:00,0f8865fb,mmwr/volumes/73/su/su7301a5.htm
mmwr,182812,Defl:X,40425,78%,2025-01-07 18:00,03edfb6f,mmwr/volumes/73/su/su7301a6.htm
mmwr,183307,Defl:X,40810,78%,2025-01-07 18:00,66f3d142,mmwr/volumes/73/su/su7301a7.htm
mmwr,146919,Defl:X,35087,76%,2025-01-07 18:00,611f4aa2,mmwr/volumes/73/su/su7302a1.htm
mmwr,145950,Defl:X,36717,75%,2025-01-07 18:00,80bb7cf1,mmwr/volumes/73/su/su7302a2.htm
mmwr,155915,Defl:X,39708,75%,2025-01-07 18:00,3a1f3418,mmwr/volumes/73/su/su7302a3.htm
mmwr,184824,Defl:X,44636,76%,2025-01-07 18:00,4fb98e07,mmwr/volumes/73/su/su7303a1.htm
mmwr,159409,Defl:X,40683,75%,2025-01-07 18:00,19a5bb97,mmwr/volumes/73/su/su7304a1.htm
mmwr,140741,Defl:X,34852,75%,2025-01-07 18:00,7d28ac5f,mmwr/volumes/73/su/su7304a10.htm
mmwr,188146,Defl:X,38984,79%,2025-01-07 18:00,532e206d,mmwr/volumes/73/su/su7304a11.htm
mmwr,160837,Defl:X,36792,77%,2025-01-07 18:00,06a9994b,mmwr/volumes/73/su/su7304a2.htm
mmwr,165121,Defl:X,37276,77%,2025-01-07 18:00,81c68314,mmwr/volumes/73/su/su7304a3.htm
mmwr,167491,Defl:X,37692,78%,2025-01-07 18:00,64acd66d,mmwr/volumes/73/su/su7304a4.htm
mmwr,194958,Defl:X,42206,78%,2025-01-07 18:00,7fc5658c,mmwr/volumes/73/su/su7304a5.htm
mmwr,162134,Defl:X,37923,77%,2025-01-07 18:00,d4783eb9,mmwr/volumes/73/su/su7304a6.htm
mmwr,169269,Defl:X,38329,77%,2025-01-07 18:00,2bc60f90,mmwr/volumes/73/su/su7304a7.htm
mmwr,185657,Defl:X,40466,78%,2025-01-07 18:00,483be11a,mmwr/volumes/73/su/su7304a8.htm
mmwr,145967,Defl:X,35848,75%,2025-01-07 18:00,776b61c0,mmwr/volumes/73/su/su7304a9.htm
mmwr,125631,Defl:X,30457,76%,2025-01-07 18:00,a8ac8140,mmwr/volumes/73/wr/mm7301a1.htm
mmwr,117727,Defl:X,29565,75%,2025-01-07 18:00,5969e0c9,mmwr/volumes/73/wr/mm7301a2.htm
mmwr,114572,Defl:X,29141,75%,2025-01-07 18:00,230b58a8,mmwr/volumes/73/wr/mm7301a3.htm
mmwr,173574,Defl:X,38313,78%,2025-01-07 18:00,8d1ab159,mmwr/volumes/73/wr/mm7301a4.htm
mmwr,81366,Defl:X,20569,75%,2025-01-07 18:00,f0d21aa7,mmwr/volumes/73/wr/mm7301a5.htm
mmwr,86631,Defl:X,22161,74%,2025-01-07 18:00,ab791bc1,mmwr/volumes/73/wr/mm7301a6.htm
mmwr,113088,Defl:X,28771,75%,2025-01-07 18:00,9a55d359,mmwr/volumes/73/wr/mm7302a1.htm
mmwr,113734,Defl:X,29711,74%,2025-01-07 18:00,79bf9987,mmwr/volumes/73/wr/mm7302a2.htm
mmwr,142840,Defl:X,33054,77%,2025-01-07 18:00,c6275622,mmwr/volumes/73/wr/mm7302a3.htm
mmwr,120206,Defl:X,30486,75%,2025-01-07 18:00,67c1eb56,mmwr/volumes/73/wr/mm7302a4.htm
mmwr,85205,Defl:X,21934,74%,2025-01-07 18:00,ab2f2918,mmwr/volumes/73/wr/mm7302a5.htm
mmwr,137858,Defl:X,32665,76%,2025-01-07 18:00,0647604c,mmwr/volumes/73/wr/mm7303a1.htm
mmwr,132997,Defl:X,33192,75%,2025-01-07 18:00,3ef84341,mmwr/volumes/73/wr/mm7303a2.htm
mmwr,117091,Defl:X,29232,75%,2025-01-07 18:00,7b0cafdd,mmwr/volumes/73/wr/mm7303a3.htm
mmwr,103412,Defl:X,26301,75%,2025-01-07 18:00,5240848a,mmwr/volumes/73/wr/mm7303a4.htm
mmwr,85844,Defl:X,21918,75%,2025-01-07 18:00,5e71c20b,mmwr/volumes/73/wr/mm7303a5.htm
mmwr,141848,Defl:X,31434,78%,2025-01-07 18:00,53dfc4ba,mmwr/volumes/73/wr/mm7304a1.htm
mmwr,157579,Defl:X,36445,77%,2025-01-07 18:00,2655e891,mmwr/volumes/73/wr/mm7304a2.htm
mmwr,96330,Defl:X,24851,74%,2025-01-07 18:00,e8d19c82,mmwr/volumes/73/wr/mm7304a3.htm
mmwr,99823,Defl:X,26766,73%,2025-01-07 18:00,f2b69dc8,mmwr/volumes/73/wr/mm7304a4_ensp.htm
mmwr,99043,Defl:X,26433,73%,2025-01-07 18:00,54dfb37d,mmwr/volumes/73/wr/mm7304a4.htm
mmwr,101532,Defl:X,25974,74%,2025-01-07 18:00,9a761b7a,mmwr/volumes/73/wr/mm7304a5.htm
mmwr,85016,Defl:X,21654,75%,2025-01-07 18:00,ecb35d41,mmwr/volumes/73/wr/mm7304a6.htm
mmwr,133183,Defl:X,31740,76%,2025-01-07 18:00,1c095a43,mmwr/volumes/73/wr/mm7305a1.htm
mmwr,114513,Defl:X,28893,75%,2025-01-07 18:00,3f32da12,mmwr/volumes/73/wr/mm7305a2.htm
mmwr,134297,Defl:X,32378,76%,2025-01-07 18:00,f13a060e,mmwr/volumes/73/wr/mm7305a3.htm
mmwr,113761,Defl:X,28968,75%,2025-01-07 18:00,cb62cfb7,mmwr/volumes/73/wr/mm7305a4.htm
mmwr,94589,Defl:X,24855,74%,2025-01-07 18:00,4e72dbfc,mmwr/volumes/73/wr/mm7305a5.htm
mmwr,86346,Defl:X,21987,75%,2025-01-07 18:00,a48b4c7b,mmwr/volumes/73/wr/mm7305a6.htm
mmwr,132223,Defl:X,30558,77%,2025-01-07 18:00,ae484287,mmwr/volumes/73/wr/mm7306a1.htm
mmwr,128523,Defl:X,31562,75%,2025-01-07 18:00,31ac9c59,mmwr/volumes/73/wr/mm7306a2.htm
mmwr,107660,Defl:X,27609,74%,2025-01-07 18:00,c2b04771,mmwr/volumes/73/wr/mm7306a3.htm
mmwr,94687,Defl:X,24685,74%,2025-01-07 18:00,672133b4,mmwr/volumes/73/wr/mm7306a4.htm
mmwr,85816,Defl:X,21818,75%,2025-01-07 18:00,6f68558c,mmwr/volumes/73/wr/mm7306a5.htm
mmwr,134843,Defl:X,31223,77%,2025-01-07 18:00,bb9d5a5b,mmwr/volumes/73/wr/mm7307a1.htm
mmwr,114138,Defl:X,29485,74%,2025-01-07 18:00,7335bb02,mmwr/volumes/73/wr/mm7307a2.htm
mmwr,101679,Defl:X,26611,74%,2025-01-07 18:00,e3dd54b8,mmwr/volumes/73/wr/mm7307a3.htm
mmwr,86179,Defl:X,22088,74%,2025-01-07 18:00,af128ba5,mmwr/volumes/73/wr/mm7307a4.htm
mmwr,150427,Defl:X,32752,78%,2025-01-07 18:00,184ca70d,mmwr/volumes/73/wr/mm7308a1.htm
mmwr,129378,Defl:X,30839,76%,2025-01-07 18:00,9a1c79c9,mmwr/volumes/73/wr/mm7308a2.htm
mmwr,146988,Defl:X,34971,76%,2025-01-07 18:00,9d93de74,mmwr/volumes/73/wr/mm7308a3.htm
mmwr,126700,Defl:X,30392,76%,2025-01-07 18:00,64b4edf1,mmwr/volumes/73/wr/mm7308a4.htm
mmwr,182589,Defl:X,41325,77%,2025-01-07 18:00,1d202cfc,mmwr/volumes/73/wr/mm7308a5.htm
mmwr,85438,Defl:X,21757,75%,2025-01-07 18:00,ba437753,mmwr/volumes/73/wr/mm7308a6.htm
mmwr,163123,Defl:X,34675,79%,2025-01-07 18:00,85185f85,mmwr/volumes/73/wr/mm7309a1.htm
mmwr,118418,Defl:X,29143,75%,2025-01-07 18:00,348afd60,mmwr/volumes/73/wr/mm7309a2.htm
mmwr,129623,Defl:X,31380,76%,2025-01-07 18:00,221097fd,mmwr/volumes/73/wr/mm7309a3.htm
mmwr,136980,Defl:X,33010,76%,2025-01-07 18:00,0d7f8799,mmwr/volumes/73/wr/mm7309a4.htm
mmwr,107871,Defl:X,26805,75%,2025-01-07 18:00,221db20b,mmwr/volumes/73/wr/mm7309a5.htm
mmwr,121719,Defl:X,31423,74%,2025-01-07 18:00,338aaa11,mmwr/volumes/73/wr/mm7310a1.htm
mmwr,116653,Defl:X,29709,75%,2025-01-07 18:00,c98773e7,mmwr/volumes/73/wr/mm7310a2.htm
mmwr,101903,Defl:X,26707,74%,2025-01-07 18:00,a0954624,mmwr/volumes/73/wr/mm7310a3.htm
mmwr,81931,Defl:X,20854,75%,2025-01-07 18:00,aee26b50,mmwr/volumes/73/wr/mm7310a4.htm
mmwr,121090,Defl:X,30055,75%,2025-01-07 18:00,910db693,mmwr/volumes/73/wr/mm7311a1.htm
mmwr,142439,Defl:X,33246,77%,2025-01-07 18:00,c2846651,mmwr/volumes/73/wr/mm7311a2.htm
mmwr,96305,Defl:X,25076,74%,2025-01-07 18:00,aea8061f,mmwr/volumes/73/wr/mm7311a3.htm
mmwr,137363,Defl:X,33271,76%,2025-01-07 18:00,a09a1e28,mmwr/volumes/73/wr/mm7312a1.htm
mmwr,126720,Defl:X,30614,76%,2025-01-07 18:00,1e61dfbb,mmwr/volumes/73/wr/mm7312a2.htm
mmwr,116554,Defl:X,30090,74%,2025-01-07 18:00,de1bfe16,mmwr/volumes/73/wr/mm7312a3.htm
mmwr,139646,Defl:X,31103,78%,2025-01-07 18:00,25be19c7,mmwr/volumes/73/wr/mm7312a4.htm
mmwr,139271,Defl:X,33500,76%,2025-01-07 18:00,349d11af,mmwr/volumes/73/wr/mm7312a5.htm
mmwr,154754,Defl:X,33725,78%,2025-01-07 18:00,37eaf571,mmwr/volumes/73/wr/mm7313a1.htm
mmwr,120570,Defl:X,30566,75%,2025-01-07 18:00,1b311f55,mmwr/volumes/73/wr/mm7313a2.htm
mmwr,82243,Defl:X,20844,75%,2025-01-07 18:00,0e72b2b4,mmwr/volumes/73/wr/mm7313a3.htm
mmwr,80862,Defl:X,20568,75%,2025-01-07 18:00,478f328f,mmwr/volumes/73/wr/mm7313a4.htm
mmwr,83614,Defl:X,21313,75%,2025-01-07 18:00,64e21d34,mmwr/volumes/73/wr/mm7313a5.htm
mmwr,130880,Defl:X,31660,76%,2025-01-07 18:00,755f9146,mmwr/volumes/73/wr/mm7314a1.htm
mmwr,204406,Defl:X,32892,84%,2025-01-07 18:00,67493f47,mmwr/volumes/73/wr/mm7314a2.htm
mmwr,129398,Defl:X,30628,76%,2025-01-07 18:00,1f04a1b0,mmwr/volumes/73/wr/mm7314a3.htm
mmwr,117273,Defl:X,29528,75%,2025-01-07 18:00,d65f9cdd,mmwr/volumes/73/wr/mm7314a4.htm
mmwr,109815,Defl:X,27746,75%,2025-01-07 18:00,18c6f278,mmwr/volumes/73/wr/mm7314a5.htm
mmwr,94570,Defl:X,24464,74%,2025-01-07 18:00,88803a85,mmwr/volumes/73/wr/mm7314a6.htm
mmwr,146034,Defl:X,32306,78%,2025-01-07 18:00,8075e3ac,mmwr/volumes/73/wr/mm7315a1.htm
mmwr,164202,Defl:X,38725,76%,2025-01-07 18:00,ef8656e7,mmwr/volumes/73/wr/mm7315a2.htm
mmwr,130105,Defl:X,30285,77%,2025-01-07 18:00,06ce5cf7,mmwr/volumes/73/wr/mm7315a3.htm
mmwr,122923,Defl:X,30576,75%,2025-01-07 18:00,d26fda6a,mmwr/volumes/73/wr/mm7315a4.htm
mmwr,85344,Defl:X,21840,74%,2025-01-07 18:00,ad176f2b,mmwr/volumes/73/wr/mm7315a5.htm
mmwr,149369,Defl:X,35013,77%,2025-01-07 18:00,756f1947,mmwr/volumes/73/wr/mm7315e1.htm
mmwr,119707,Defl:X,29715,75%,2025-01-07 18:00,09742ce1,mmwr/volumes/73/wr/mm7316a1.htm
mmwr,131971,Defl:X,33516,75%,2025-01-07 18:00,05478d8e,mmwr/volumes/73/wr/mm7316a2.htm
mmwr,117000,Defl:X,29739,75%,2025-01-07 18:00,3a02d77e,mmwr/volumes/73/wr/mm7316a3.htm
mmwr,120364,Defl:X,30124,75%,2025-01-07 18:00,a55b609c,mmwr/volumes/73/wr/mm7316a4.htm
mmwr,96573,Defl:X,25248,74%,2025-01-07 18:00,a89b3d3d,mmwr/volumes/73/wr/mm7316a5.htm
mmwr,85054,Defl:X,21801,74%,2025-01-07 18:00,913db585,mmwr/volumes/73/wr/mm7316a6.htm
mmwr,125934,Defl:X,30923,75%,2025-01-07 18:00,ced20c95,mmwr/volumes/73/wr/mm7317a1.htm
mmwr,153337,Defl:X,34775,77%,2025-01-07 18:00,6df202ff,mmwr/volumes/73/wr/mm7317a2.htm
mmwr,154779,Defl:X,34171,78%,2025-01-07 18:00,2acc09b3,mmwr/volumes/73/wr/mm7317a3.htm
mmwr,106013,Defl:X,27367,74%,2025-01-07 18:00,479995a8,mmwr/volumes/73/wr/mm7317a4.htm
mmwr,81544,Defl:X,20855,74%,2025-01-07 18:00,5aadc8f5,mmwr/volumes/73/wr/mm7317a5.htm
mmwr,84551,Defl:X,21597,75%,2025-01-07 18:00,545a9816,mmwr/volumes/73/wr/mm7317a6.htm
mmwr,124708,Defl:X,30454,76%,2025-01-07 18:00,dd7660d8,mmwr/volumes/73/wr/mm7318a1.htm
mmwr,111810,Defl:X,27371,76%,2025-01-07 18:00,9515223c,mmwr/volumes/73/wr/mm7318a2.htm
mmwr,102850,Defl:X,26687,74%,2025-01-07 18:00,8c7c498b,mmwr/volumes/73/wr/mm7318a3.htm
mmwr,119435,Defl:X,31712,73%,2025-01-07 18:00,b8408922,mmwr/volumes/73/wr/mm7319a1.htm
mmwr,120743,Defl:X,30105,75%,2025-01-07 18:00,f5cc7bfc,mmwr/volumes/73/wr/mm7319a2.htm
mmwr,120869,Defl:X,30926,74%,2025-01-07 18:00,f90fb358,mmwr/volumes/73/wr/mm7319a3.htm
mmwr,142161,Defl:X,32085,77%,2025-01-07 18:00,2defed8e,mmwr/volumes/73/wr/mm7319a4.htm
mmwr,85086,Defl:X,21694,75%,2025-01-07 18:00,e6792953,mmwr/volumes/73/wr/mm7319a5.htm
mmwr,144534,Defl:X,32474,78%,2025-01-07 18:00,7f650b88,mmwr/volumes/73/wr/mm7320a1.htm
mmwr,115160,Defl:X,29306,75%,2025-01-07 18:00,19cb62ab,mmwr/volumes/73/wr/mm7320a2.htm
mmwr,145738,Defl:X,33936,77%,2025-01-07 18:00,d458218f,mmwr/volumes/73/wr/mm7320a3.htm
mmwr,96018,Defl:X,25442,74%,2025-01-07 18:00,977803f9,mmwr/volumes/73/wr/mm7320a4.htm
mmwr,160453,Defl:X,36883,77%,2025-01-07 18:00,4a9559c4,mmwr/volumes/73/wr/mm7320e1.htm
mmwr,117242,Defl:X,29618,75%,2025-01-07 18:00,a155a7de,mmwr/volumes/73/wr/mm7321a1.htm
mmwr,133820,Defl:X,30307,77%,2025-01-07 18:00,6451b012,mmwr/volumes/73/wr/mm7321a2.htm
mmwr,148151,Defl:X,35181,76%,2025-01-07 18:00,465e815e,mmwr/volumes/73/wr/mm7321a3.htm
mmwr,145583,Defl:X,33521,77%,2025-01-07 18:00,61bdc8db,mmwr/volumes/73/wr/mm7321a4.htm
mmwr,123407,Defl:X,32324,74%,2025-01-07 18:00,8562e1dd,mmwr/volumes/73/wr/mm7321e1.htm
mmwr,139257,Defl:X,34571,75%,2025-01-07 18:00,19fe80d7,mmwr/volumes/73/wr/mm7322a1.htm
mmwr,112552,Defl:X,28796,74%,2025-01-07 18:00,302c5777,mmwr/volumes/73/wr/mm7322a2.htm
mmwr,86154,Defl:X,21926,75%,2025-01-07 18:00,ede2d7cf,mmwr/volumes/73/wr/mm7322a3.htm
mmwr,104521,Defl:X,27382,74%,2025-01-07 18:00,b098939e,mmwr/volumes/73/wr/mm7322e1.htm
mmwr,145169,Defl:X,33307,77%,2025-01-07 18:00,d7302513,mmwr/volumes/73/wr/mm7323a1.htm
mmwr,117404,Defl:X,30102,74%,2025-01-07 18:00,0a732476,mmwr/volumes/73/wr/mm7323a2.htm
mmwr,96704,Defl:X,25239,74%,2025-01-07 18:00,62bff87d,mmwr/volumes/73/wr/mm7323a3.htm
mmwr,97588,Defl:X,25524,74%,2025-01-07 18:00,2dae2e9a,mmwr/volumes/73/wr/mm7323a4.htm
mmwr,143133,Defl:X,33711,76%,2025-01-07 18:00,5371166d,mmwr/volumes/73/wr/mm7324a1.htm
mmwr,115271,Defl:X,29572,74%,2025-01-07 18:00,1c070e8b,mmwr/volumes/73/wr/mm7324a2.htm
mmwr,144813,Defl:X,33860,77%,2025-01-07 18:00,7aeaf4b4,mmwr/volumes/73/wr/mm7324a3.htm
mmwr,161972,Defl:X,37210,77%,2025-01-07 18:00,dd961b5d,mmwr/volumes/73/wr/mm7324a4.htm
mmwr,85559,Defl:X,21908,74%,2025-01-07 18:00,92d76077,mmwr/volumes/73/wr/mm7324a5.htm
mmwr,154304,Defl:X,36577,76%,2025-01-07 18:00,556b4d49,mmwr/volumes/73/wr/mm7325a1.htm
mmwr,124539,Defl:X,31706,75%,2025-01-07 18:00,7d3dbb22,mmwr/volumes/73/wr/mm7325a2.htm
mmwr,95152,Defl:X,24903,74%,2025-01-07 18:00,953cedd0,mmwr/volumes/73/wr/mm7325a3.htm
mmwr,208137,Defl:X,42899,79%,2025-01-07 18:00,66c413c5,mmwr/volumes/73/wr/mm7326a1.htm
mmwr,136187,Defl:X,33123,76%,2025-01-07 18:00,4c304b94,mmwr/volumes/73/wr/mm7326a2.htm
mmwr,83982,Defl:X,21479,74%,2025-01-07 18:00,395bc8ed,mmwr/volumes/73/wr/mm7326a3.htm
mmwr,111028,Defl:X,29023,74%,2025-01-07 18:00,f1c26588,mmwr/volumes/73/wr/mm7327a1.htm
mmwr,102780,Defl:X,26037,75%,2025-01-07 18:00,993053d5,mmwr/volumes/73/wr/mm7327a2.htm
mmwr,108612,Defl:X,27515,75%,2025-01-07 18:00,80580c3e,mmwr/volumes/73/wr/mm7327a3.htm
mmwr,83383,Defl:X,21315,74%,2025-01-07 18:00,bd3052ac,mmwr/volumes/73/wr/mm7327a4.htm
mmwr,169922,Defl:X,35407,79%,2025-01-07 18:00,24727355,mmwr/volumes/73/wr/mm7328a1.htm
mmwr,121801,Defl:X,30593,75%,2025-01-07 18:00,7caa321c,mmwr/volumes/73/wr/mm7328a2.htm
mmwr,104298,Defl:X,26874,74%,2025-01-07 18:00,babe3ec3,mmwr/volumes/73/wr/mm7328a3.htm
mmwr,85279,Defl:X,21874,74%,2025-01-07 18:00,2db4469b,mmwr/volumes/73/wr/mm7328a4.htm
mmwr,168407,Defl:X,37030,78%,2025-01-07 18:00,3b22d475,mmwr/volumes/73/wr/mm7329a1.htm
mmwr,135730,Defl:X,32601,76%,2025-01-07 18:00,39f60be4,mmwr/volumes/73/wr/mm7329a2.htm
mmwr,203659,Defl:X,38320,81%,2025-01-07 18:00,bf42f6c7,mmwr/volumes/73/wr/mm7329a3.htm
mmwr,102067,Defl:X,26540,74%,2025-01-07 18:00,30eb9af4,mmwr/volumes/73/wr/mm7329a4.htm
mmwr,129590,Defl:X,31780,76%,2025-01-07 18:00,18b66220,mmwr/volumes/73/wr/mm7330a1.htm
mmwr,110390,Defl:X,28385,74%,2025-01-07 18:00,c81ca854,mmwr/volumes/73/wr/mm7330a2.htm
mmwr,106384,Defl:X,27473,74%,2025-01-07 18:00,5a69c15d,mmwr/volumes/73/wr/mm7330a3.htm
mmwr,84954,Defl:X,21781,74%,2025-01-07 18:00,c2ad2cc7,mmwr/volumes/73/wr/mm7330a4.htm
mmwr,118269,Defl:X,28342,76%,2025-01-07 18:00,66ac1f8a,mmwr/volumes/73/wr/mm7331a1.htm
mmwr,122829,Defl:X,30812,75%,2025-01-07 18:00,910e3259,mmwr/volumes/73/wr/mm7331a2.htm
mmwr,103460,Defl:X,26705,74%,2025-01-07 18:00,36485b01,mmwr/volumes/73/wr/mm7331a3.htm
mmwr,81876,Defl:X,20837,75%,2025-01-07 18:00,ff0227fa,mmwr/volumes/73/wr/mm7331a4.htm
mmwr,115544,Defl:X,29844,74%,2025-01-07 18:00,1b698d51,mmwr/volumes/73/wr/mm7332a1.htm
mmwr,104573,Defl:X,26295,75%,2025-01-07 18:00,d02f1ee1,mmwr/volumes/73/wr/mm7332a2.htm
mmwr,104065,Defl:X,25639,75%,2025-01-07 18:00,082926eb,mmwr/volumes/73/wr/mm7332a3.htm
mmwr,84512,Defl:X,21700,74%,2025-01-07 18:00,82967e92,mmwr/volumes/73/wr/mm7332a4.htm
mmwr,142546,Defl:X,35938,75%,2025-01-07 18:00,d250e884,mmwr/volumes/73/wr/mm7332e1.htm
mmwr,148555,Defl:X,34102,77%,2025-01-07 18:00,43642c01,mmwr/volumes/73/wr/mm7333a1.htm
mmwr,135022,Defl:X,31106,77%,2025-01-07 18:00,9f1e1957,mmwr/volumes/73/wr/mm7333a2.htm
mmwr,96555,Defl:X,25093,74%,2025-01-07 18:00,560c9004,mmwr/volumes/73/wr/mm7333a3.htm
mmwr,172303,Defl:X,38600,78%,2025-01-07 18:00,2fe8cbff,mmwr/volumes/73/wr/mm7333e1.htm
mmwr,127758,Defl:X,32226,75%,2025-01-07 18:00,b3adb97a,mmwr/volumes/73/wr/mm7334a1.htm
mmwr,157380,Defl:X,34593,78%,2025-01-07 18:00,25e4a049,mmwr/volumes/73/wr/mm7334a2.htm
mmwr,140089,Defl:X,33376,76%,2025-01-07 18:00,3bc2bd62,mmwr/volumes/73/wr/mm7334a3.htm
mmwr,107422,Defl:X,26922,75%,2025-01-07 18:00,f48e8593,mmwr/volumes/73/wr/mm7334a4.htm
mmwr,112040,Defl:X,28932,74%,2025-01-07 18:00,84b8c4ea,mmwr/volumes/73/wr/mm7335a1.htm
mmwr,122893,Defl:X,31107,75%,2025-01-07 18:00,b91365dc,mmwr/volumes/73/wr/mm7335a2.htm
mmwr,151112,Defl:X,32247,79%,2025-01-07 18:00,0d715cb5,mmwr/volumes/73/wr/mm7335a3.htm
mmwr,84647,Defl:X,21660,74%,2025-01-07 18:00,7075b3b6,mmwr/volumes/73/wr/mm7335a4.htm
mmwr,129119,Defl:X,31096,76%,2025-01-07 18:00,9418027b,mmwr/volumes/73/wr/mm7335e1.htm
mmwr,136975,Defl:X,32135,77%,2025-01-07 18:00,1c35675b,mmwr/volumes/73/wr/mm7336a1.htm
mmwr,123257,Defl:X,30772,75%,2025-01-07 18:00,45a9fbdf,mmwr/volumes/73/wr/mm7336a2.htm
mmwr,132095,Defl:X,33270,75%,2025-01-07 18:00,c4e2b96f,mmwr/volumes/73/wr/mm7336a3.htm
mmwr,114128,Defl:X,28635,75%,2025-01-07 18:00,ec283435,mmwr/volumes/73/wr/mm7336a4.htm
mmwr,129110,Defl:X,32397,75%,2025-01-07 18:00,5774a3a5,mmwr/volumes/73/wr/mm7337a1.htm
mmwr,113481,Defl:X,27761,76%,2025-01-07 18:00,3a3d7302,mmwr/volumes/73/wr/mm7337a2.htm
mmwr,85184,Defl:X,21753,75%,2025-01-07 18:00,cb100524,mmwr/volumes/73/wr/mm7337a3.htm
mmwr,161737,Defl:X,35457,78%,2025-01-07 18:00,25ee98d4,mmwr/volumes/73/wr/mm7337e1.htm
mmwr,127080,Defl:X,31547,75%,2025-01-07 18:00,74b43e49,mmwr/volumes/73/wr/mm7337e2.htm
mmwr,129936,Defl:X,31850,76%,2025-01-07 18:00,4c0f7333,mmwr/volumes/73/wr/mm7338a1.htm
mmwr,146491,Defl:X,34036,77%,2025-01-07 18:00,420b5a04,mmwr/volumes/73/wr/mm7338a2.htm
mmwr,203667,Defl:X,42305,79%,2025-01-07 18:00,a27bde6e,mmwr/volumes/73/wr/mm7338a3.htm
mmwr,156116,Defl:X,32414,79%,2025-01-07 18:00,ed536a63,mmwr/volumes/73/wr/mm7338a4.htm
mmwr,145987,Defl:X,34664,76%,2025-01-07 18:00,50c82390,mmwr/volumes/73/wr/mm7339a1.htm
mmwr,139417,Defl:X,32669,77%,2025-01-07 18:00,b88963b5,mmwr/volumes/73/wr/mm7339a2.htm
mmwr,150918,Defl:X,36635,76%,2025-01-07 18:00,b7f8ed84,mmwr/volumes/73/wr/mm7339a3.htm
mmwr,122717,Defl:X,30533,75%,2025-01-07 18:00,bd2b5647,mmwr/volumes/73/wr/mm7339a4.htm
mmwr,85339,Defl:X,21889,74%,2025-01-07 18:00,8888f4b7,mmwr/volumes/73/wr/mm7339a5.htm
mmwr,133804,Defl:X,32316,76%,2025-01-07 18:00,4d4c557b,mmwr/volumes/73/wr/mm7340a1.htm
mmwr,141955,Defl:X,33314,77%,2025-01-07 18:00,f21b9f0d,mmwr/volumes/73/wr/mm7340a2.htm
mmwr,105434,Defl:X,27882,74%,2025-01-07 18:00,0ed11d57,mmwr/volumes/73/wr/mm7340a3.htm
mmwr,95171,Defl:X,24795,74%,2025-01-07 18:00,496c26b2,mmwr/volumes/73/wr/mm7340a4.htm
mmwr,154390,Defl:X,34265,78%,2025-01-07 18:00,f9a157c4,mmwr/volumes/73/wr/mm7341a1.htm
mmwr,177718,Defl:X,35424,80%,2025-01-07 18:00,5140d6d8,mmwr/volumes/73/wr/mm7341a2.htm
mmwr,162048,Defl:X,36363,78%,2025-01-07 18:00,1808896e,mmwr/volumes/73/wr/mm7341a3.htm
mmwr,100429,Defl:X,27103,73%,2025-01-07 18:00,e8232645,mmwr/volumes/73/wr/mm7341a4.htm
mmwr,85035,Defl:X,21684,75%,2025-01-07 18:00,40eea9ba,mmwr/volumes/73/wr/mm7341a5.htm
mmwr,145922,Defl:X,33156,77%,2025-01-07 18:00,0e0e7092,mmwr/volumes/73/wr/mm7342a1.htm
mmwr,111879,Defl:X,29705,73%,2025-01-07 18:00,3087f059,mmwr/volumes/73/wr/mm7342a2.htm
mmwr,114191,Defl:X,28962,75%,2025-01-07 18:00,372bc2c8,mmwr/volumes/73/wr/mm7342a3.htm
mmwr,95165,Defl:X,24790,74%,2025-01-07 18:00,d93637ec,mmwr/volumes/73/wr/mm7342a4.htm
mmwr,139309,Defl:X,34067,76%,2025-01-07 18:00,2bb1875b,mmwr/volumes/73/wr/mm7343a1.htm
mmwr,144124,Defl:X,32283,78%,2025-01-07 18:00,e7f0730f,mmwr/volumes/73/wr/mm7343a2.htm
mmwr,121087,Defl:X,31271,74%,2025-01-07 18:00,1bf582d0,mmwr/volumes/73/wr/mm7343a3.htm
mmwr,140491,Defl:X,32670,77%,2025-01-07 18:00,5bf19039,mmwr/volumes/73/wr/mm7343a4.htm
mmwr,104739,Defl:X,27436,74%,2025-01-07 18:00,bc95d6aa,mmwr/volumes/73/wr/mm7343a5.htm
mmwr,85385,Defl:X,21869,74%,2025-01-07 18:00,29a590f8,mmwr/volumes/73/wr/mm7343a6.htm
mmwr,153756,Defl:X,35158,77%,2025-01-07 18:00,21113696,mmwr/volumes/73/wr/mm7344a1.htm
mmwr,122662,Defl:X,30874,75%,2025-01-07 18:00,0304d1b9,mmwr/volumes/73/wr/mm7344a2.htm
mmwr,147060,Defl:X,34682,76%,2025-01-07 18:00,de2b2887,mmwr/volumes/73/wr/mm7344a3.htm
mmwr,105867,Defl:X,26915,75%,2025-01-07 18:00,c759b655,mmwr/volumes/73/wr/mm7344a4.htm
mmwr,86012,Defl:X,21990,74%,2025-01-07 18:00,c1d2abe3,mmwr/volumes/73/wr/mm7344a5.htm
mmwr,135645,Defl:X,32418,76%,2025-01-07 18:00,b6a68754,mmwr/volumes/73/wr/mm7345a1.htm
mmwr,152520,Defl:X,36542,76%,2025-01-07 18:00,adcf6680,mmwr/volumes/73/wr/mm7345a2.htm
mmwr,130082,Defl:X,32975,75%,2025-01-07 18:00,881be138,mmwr/volumes/73/wr/mm7345a3.htm
mmwr,145677,Defl:X,33510,77%,2025-01-07 18:00,6605b228,mmwr/volumes/73/wr/mm7345a4.htm
mmwr,142812,Defl:X,33392,77%,2025-01-07 18:00,8cf95f75,mmwr/volumes/73/wr/mm7346a1.htm
mmwr,139942,Defl:X,32614,77%,2025-01-07 18:00,38536c1e,mmwr/volumes/73/wr/mm7346a2.htm
mmwr,136814,Defl:X,30890,77%,2025-01-07 18:00,974a6c87,mmwr/volumes/73/wr/mm7346a3.htm
mmwr,122642,Defl:X,28048,77%,2025-01-07 18:00,e5c660cc,mmwr/volumes/73/wr/mm7346a4.htm
mmwr,84818,Defl:X,21661,75%,2025-01-07 18:00,900eccd3,mmwr/volumes/73/wr/mm7346a5.htm
mmwr,119315,Defl:X,30916,74%,2025-01-07 18:00,92915258,mmwr/volumes/73/wr/mm7347a1.htm
mmwr,115114,Defl:X,29486,74%,2025-01-07 18:00,d7ba8f9b,mmwr/volumes/73/wr/mm7347a2.htm
mmwr,128910,Defl:X,30924,76%,2025-01-07 18:00,301b06bc,mmwr/volumes/73/wr/mm7347a3.htm
mmwr,100488,Defl:X,26490,74%,2025-01-07 18:00,255daa60,mmwr/volumes/73/wr/mm7347a4.htm
mmwr,96011,Defl:X,25044,74%,2025-01-07 18:00,24bd5889,mmwr/volumes/73/wr/mm7347a5.htm
mmwr,132783,Defl:X,31139,77%,2025-01-07 18:00,ed959b2d,mmwr/volumes/73/wr/mm7348a1.htm
mmwr,135015,Defl:X,31967,76%,2025-01-07 18:00,e434f569,mmwr/volumes/73/wr/mm7348a2.htm
mmwr,92905,Defl:X,23299,75%,2025-01-07 18:00,fc84da19,mmwr/volumes/73/wr/mm7348a3.htm
mmwr,109044,Defl:X,27233,75%,2025-01-07 18:00,40014dd8,mmwr/volumes/73/wr/mm7348a4.htm
mmwr,84892,Defl:X,21758,74%,2025-01-07 18:00,d33b3917,mmwr/volumes/73/wr/mm7348a5.htm
mmwr,124346,Defl:X,30521,76%,2025-01-07 18:00,2f6bdc88,mmwr/volumes/73/wr/mm7349a1.htm
mmwr,129546,Defl:X,32008,75%,2025-01-07 18:00,ee310ea9,mmwr/volumes/73/wr/mm7349a2.htm
mmwr,114909,Defl:X,29079,75%,2025-01-07 18:00,4e7e3f19,mmwr/volumes/73/wr/mm7349a3.htm
mmwr,126591,Defl:X,31764,75%,2025-01-07 18:00,22f9795c,mmwr/volumes/73/wr/mm7349a4.htm
mmwr,119425,Defl:X,30025,75%,2025-01-07 18:00,1a995cc3,mmwr/volumes/73/wr/mm7350a1.htm
mmwr,98937,Defl:X,25326,74%,2025-01-07 18:00,510724ac,mmwr/volumes/73/wr/mm7350a2.htm
mmwr,100796,Defl:X,26559,74%,2025-01-07 18:00,28effdf6,mmwr/volumes/73/wr/mm7350a3.htm
mmwr,99475,Defl:X,25583,74%,2025-01-07 18:00,ca50ffe0,mmwr/volumes/73/wr/mm7350a4.htm
mmwr,84517,Defl:X,21670,74%,2025-01-07 18:00,a2aa6e7c,mmwr/volumes/73/wr/mm7350a5.htm
mmwr,106933,Defl:X,27059,75%,2025-01-07 18:00,9e1faec8,mmwr/volumes/73/wr/mm735152a1.htm
mmwr,130204,Defl:X,32812,75%,2025-01-07 18:00,b109cb42,mmwr/volumes/73/wr/mm735152a2.htm
eid,311498,Defl:X,101210,68%,2025-01-07 18:00,f26ced6e,eid/article/10/10/ad-1010_article.html
eid,394838,Defl:X,117732,70%,2025-01-07 18:00,fc4023de,eid/article/10/12/04-0346_article.html
eid,349583,Defl:X,110155,69%,2025-01-07 18:00,56bc801f,eid/article/10/12/04-0416_article.html
eid,349416,Defl:X,108782,69%,2025-01-07 18:00,34977779,eid/article/10/12/04-0452_article.html
eid,378413,Defl:X,115175,70%,2025-01-07 18:00,f39a6aeb,eid/article/10/12/04-0743_article.html
eid,342844,Defl:X,108755,68%,2025-01-07 18:00,315435d4,eid/article/10/3/03-0542_article.html
eid,367355,Defl:X,114978,69%,2025-01-07 18:00,f4830461,eid/article/10/7/03-0703_article.html
eid,317567,Defl:X,103438,67%,2025-01-07 18:00,641ff198,eid/article/10/7/04-0039_article.html
eid,308914,Defl:X,100263,68%,2025-01-07 18:00,4ac73208,eid/article/10/7/c1-1107_article.html
eid,309030,Defl:X,100358,68%,2025-01-07 18:00,6630ecc2,eid/article/10/7/c2-1107_article.html
eid,308932,Defl:X,100220,68%,2025-01-07 18:00,a98ce2e9,eid/article/10/7/c3-1107_article.html
eid,334381,Defl:X,110351,67%,2025-01-07 18:00,2d2aaf92,eid/article/11/4/05-0076_article.html
eid,343032,Defl:X,107890,69%,2025-01-07 18:00,3caef36e,eid/article/15/5/08-0826_article.html
eid,332163,Defl:X,105872,68%,2025-01-07 18:00,63746f79,eid/article/16/12/10-0938_article.html
eid,392282,Defl:X,118745,70%,2025-01-07 18:00,0864a964,eid/article/30/1/22-1450_article.html
eid,423611,Defl:X,120137,72%,2025-01-07 18:00,340c4eb6,eid/article/30/1/22-1588_article.html
eid,343618,Defl:X,108403,69%,2025-01-07 18:00,67dc9bf2,eid/article/30/1/22-1663_article.html
eid,338573,Defl:X,107323,68%,2025-01-07 18:00,1f1f9069,eid/article/30/1/22-1783_article.html
eid,429467,Defl:X,121485,72%,2025-01-07 18:00,5e7bdf4a,eid/article/30/1/22-1927_article.html
eid,351007,Defl:X,109290,69%,2025-01-07 18:00,60e3eea0,eid/article/30/1/23-0183_article.html
eid,322860,Defl:X,103364,68%,2025-01-07 18:00,4e87aa63,eid/article/30/1/23-0208_article.html
eid,410364,Defl:X,119597,71%,2025-01-07 18:00,907aafe1,eid/article/30/1/23-0261_article.html
eid,336687,Defl:X,107015,68%,2025-01-07 18:00,477f1cdb,eid/article/30/1/23-0315_article.html
eid,322066,Defl:X,103161,68%,2025-01-07 18:00,1bb606d6,eid/article/30/1/23-0334_article.html
eid,344945,Defl:X,110520,68%,2025-01-07 18:00,1530381d,eid/article/30/1/23-0385_article.html
eid,403153,Defl:X,117027,71%,2025-01-07 18:00,3b32c180,eid/article/30/1/23-0414_article.html
eid,390910,Defl:X,117250,70%,2025-01-07 18:00,61027aab,eid/article/30/1/23-0427_article.html
eid,335769,Defl:X,106774,68%,2025-01-07 18:00,465e3f05,eid/article/30/1/23-0435_article.html
eid,350279,Defl:X,109204,69%,2025-01-07 18:00,f1b42957,eid/article/30/1/23-0756_article.html
eid,404606,Defl:X,118334,71%,2025-01-07 18:00,9fac4aa2,eid/article/30/1/23-0778_article.html
eid,405054,Defl:X,116705,71%,2025-01-07 18:00,2ba287a9,eid/article/30/1/23-0813_article.html
eid,404260,Defl:X,119880,70%,2025-01-07 18:00,9d2cf5af,eid/article/30/1/23-0851_article.html
eid,340396,Defl:X,107452,68%,2025-01-07 18:00,7beadc41,eid/article/30/1/23-0855_article.html
eid,338191,Defl:X,106735,68%,2025-01-07 18:00,c48c28c6,eid/article/30/1/23-0858_article.html
eid,389724,Defl:X,116997,70%,2025-01-07 18:00,b215e8b3,eid/article/30/1/23-0890_article.html
eid,352307,Defl:X,109423,69%,2025-01-07 18:00,83069596,eid/article/30/1/23-0905_article.html
eid,347968,Defl:X,109423,69%,2025-01-07 18:00,022d9ab3,eid/article/30/1/23-0924_article.html
eid,389010,Defl:X,117082,70%,2025-01-07 18:00,116bade4,eid/article/30/1/23-0970_article.html
eid,338222,Defl:X,107211,68%,2025-01-07 18:00,8d30d80c,eid/article/30/1/23-0972_article.html
eid,355751,Defl:X,110406,69%,2025-01-07 18:00,edbd4c9d,eid/article/30/1/23-1003_article.html
eid,348631,Defl:X,108973,69%,2025-01-07 18:00,1c0dace7,eid/article/30/1/23-1011_article.html
eid,336474,Defl:X,106495,68%,2025-01-07 18:00,e53aecb9,eid/article/30/1/23-1013_article.html
eid,345668,Defl:X,108025,69%,2025-01-07 18:00,e05d50b2,eid/article/30/1/23-1049_article.html
eid,353807,Defl:X,111266,69%,2025-01-07 18:00,6fa8e3d5,eid/article/30/1/23-1064_article.html
eid,331362,Defl:X,105360,68%,2025-01-07 18:00,a04fd8fe,eid/article/30/1/23-1152_article.html
eid,354217,Defl:X,110723,69%,2025-01-07 18:00,550c1a44,eid/article/30/1/23-1164_article.html
eid,336705,Defl:X,106849,68%,2025-01-07 18:00,69e61dbc,eid/article/30/1/23-1192_article.html
eid,334059,Defl:X,106234,68%,2025-01-07 18:00,401ae6fc,eid/article/30/1/23-1202_article.html
eid,387420,Defl:X,117428,70%,2025-01-07 18:00,847bb6d0,eid/article/30/1/23-1215_article.html
eid,351387,Defl:X,109341,69%,2025-01-07 18:00,74cf5938,eid/article/30/1/23-1231_article.html
eid,340893,Defl:X,107241,69%,2025-01-07 18:00,117893c3,eid/article/30/1/23-1264_article.html
eid,336170,Defl:X,107358,68%,2025-01-07 18:00,73132331,eid/article/30/1/23-1319_article.html
eid,321636,Defl:X,102939,68%,2025-01-07 18:00,fce7e9ac,eid/article/30/1/23-1487_article.html
eid,335340,Defl:X,106402,68%,2025-01-07 18:00,e23020db,eid/article/30/1/23-1508_article.html
eid,324171,Defl:X,103669,68%,2025-01-07 18:00,a88baf11,eid/article/30/1/23-1521_article.html
eid,327021,Defl:X,106675,67%,2025-01-07 18:00,82fb98a7,eid/article/30/1/ac-3001_article.html
eid,418561,Defl:X,122235,71%,2025-01-07 18:00,0a14f766,eid/article/30/10/23-1399_article.html
eid,378754,Defl:X,117656,69%,2025-01-07 18:00,fc34434e,eid/article/30/10/23-1509_article.html
eid,394547,Defl:X,117248,70%,2025-01-07 18:00,d437a806,eid/article/30/10/23-1700_article.html
eid,349675,Defl:X,109141,69%,2025-01-07 18:00,cc20e388,eid/article/30/10/23-1728_article.html
eid,334804,Defl:X,106379,68%,2025-01-07 18:00,41fdcf54,eid/article/30/10/24-0078_article.html
eid,449053,Defl:X,125545,72%,2025-01-07 18:00,0f97441c,eid/article/30/10/24-0084_article.html
eid,337210,Defl:X,107348,68%,2025-01-07 18:00,3311b4e8,eid/article/30/10/24-0124_article.html
eid,422870,Defl:X,119362,72%,2025-01-07 18:00,c8e17133,eid/article/30/10/24-0159_article.html
eid,353749,Defl:X,110805,69%,2025-01-07 18:00,14e8e098,eid/article/30/10/24-0170_article.html
eid,415863,Defl:X,120320,71%,2025-01-07 18:00,ee80fd04,eid/article/30/10/24-0173_article.html
eid,413691,Defl:X,120934,71%,2025-01-07 18:00,65938255,eid/article/30/10/24-0191_article.html
eid,365710,Defl:X,115019,69%,2025-01-07 18:00,f39e090d,eid/article/30/10/24-0210_article.html
eid,347711,Defl:X,109549,69%,2025-01-07 18:00,366b839d,eid/article/30/10/24-0235_article.html
eid,400088,Defl:X,119654,70%,2025-01-07 18:00,6ca229a6,eid/article/30/10/24-0245_article.html
eid,343728,Defl:X,107954,69%,2025-01-07 18:00,d412746d,eid/article/30/10/24-0264_article.html
eid,333021,Defl:X,107094,68%,2025-01-07 18:00,3360178b,eid/article/30/10/24-0292_article.html
eid,406496,Defl:X,119716,71%,2025-01-07 18:00,cb45f24e,eid/article/30/10/24-0397_article.html
eid,352838,Defl:X,108995,69%,2025-01-07 18:00,1ecd9cd0,eid/article/30/10/24-0460_article.html
eid,332654,Defl:X,107205,68%,2025-01-07 18:00,92037e63,eid/article/30/10/24-0479_article.html
eid,394382,Defl:X,118268,70%,2025-01-07 18:00,f9405e84,eid/article/30/10/24-0526_article.html
eid,401513,Defl:X,117847,71%,2025-01-07 18:00,c6568773,eid/article/30/10/24-0583_article.html
eid,418636,Defl:X,120548,71%,2025-01-07 18:00,9b95c875,eid/article/30/10/24-0595_article.html
eid,340270,Defl:X,107529,68%,2025-01-07 18:00,ecdaf9e6,eid/article/30/10/24-0609_article.html
eid,377549,Defl:X,115828,69%,2025-01-07 18:00,8cd34c04,eid/article/30/10/24-0632_article.html
eid,327476,Defl:X,104994,68%,2025-01-07 18:00,b719370b,eid/article/30/10/24-0637_article.html
eid,362198,Defl:X,111229,69%,2025-01-07 18:00,9af8f6ff,eid/article/30/10/24-0665_article.html
eid,350246,Defl:X,109953,69%,2025-01-07 18:00,ea10a965,eid/article/30/10/24-0678_article.html
eid,331796,Defl:X,105943,68%,2025-01-07 18:00,3b7c5d01,eid/article/30/10/24-0719_article.html
eid,332535,Defl:X,106364,68%,2025-01-07 18:00,587c245d,eid/article/30/10/24-0727_article.html
eid,316194,Defl:X,102690,68%,2025-01-07 18:00,8f87071b,eid/article/30/10/24-0735_article.html
eid,354608,Defl:X,110040,69%,2025-01-07 18:00,2cabe45c,eid/article/30/10/24-0814_article.html
eid,337913,Defl:X,106925,68%,2025-01-07 18:00,80c379ec,eid/article/30/10/24-0821_article.html
eid,352029,Defl:X,109291,69%,2025-01-07 18:00,e77e48a7,eid/article/30/10/24-0852_article.html
eid,347566,Defl:X,109364,69%,2025-01-07 18:00,84464de2,eid/article/30/10/24-0866_article.html
eid,348409,Defl:X,109964,68%,2025-01-07 18:00,caf63677,eid/article/30/10/24-0900_article.html
eid,345825,Defl:X,108952,69%,2025-01-07 18:00,96441ed4,eid/article/30/10/24-0917_article.html
eid,338804,Defl:X,107343,68%,2025-01-07 18:00,a348cddb,eid/article/30/10/24-1079_article.html
eid,331791,Defl:X,106008,68%,2025-01-07 18:00,6cd9a846,eid/article/30/10/24-1088_article.html
eid,353593,Defl:X,110985,69%,2025-01-07 18:00,b8aea77a,eid/article/30/10/24-1118_article.html
eid,314506,Defl:X,103169,67%,2025-01-07 18:00,36ec5e61,eid/article/30/10/ac-3010_article.html
eid,304388,Defl:X,99485,67%,2025-01-07 18:00,ec19a0f4,eid/article/30/10/c1-3010_article.html
eid,304217,Defl:X,99443,67%,2025-01-07 18:00,e441890d,eid/article/30/10/c2-3010_article.html
eid,336231,Defl:X,106425,68%,2025-01-07 18:00,77341640,eid/article/30/11/23-1393_article.html
eid,343866,Defl:X,108974,68%,2025-01-07 18:00,f6ebb8fc,eid/article/30/11/23-1416_article.html
eid,411845,Defl:X,117986,71%,2025-01-07 18:00,df03b202,eid/article/30/11/23-1582_article.html
eid,399220,Defl:X,119123,70%,2025-01-07 18:00,3c6aedb2,eid/article/30/11/23-1650_article.html
eid,338675,Defl:X,106797,69%,2025-01-07 18:00,f4cbb8a5,eid/article/30/11/23-1667_article.html
eid,364928,Defl:X,113684,69%,2025-01-07 18:00,9a9d4368,eid/article/30/11/23-1760_article.html
eid,409587,Defl:X,118238,71%,2025-01-07 18:00,b1ff7e18,eid/article/30/11/24-0043_article.html
eid,350780,Defl:X,109802,69%,2025-01-07 18:00,282f1d1d,eid/article/30/11/24-0072_article.html
eid,391161,Defl:X,118082,70%,2025-01-07 18:00,ccfe7d87,eid/article/30/11/24-0172_article.html
eid,313271,Defl:X,102090,67%,2025-01-07 18:00,41bad730,eid/article/30/11/24-0198_article.html
eid,315483,Defl:X,102709,67%,2025-01-07 18:00,6f99728a,eid/article/30/11/24-0228_article.html
eid,414221,Defl:X,120080,71%,2025-01-07 18:00,f4e1d32a,eid/article/30/11/24-0293_article.html
eid,388586,Defl:X,116722,70%,2025-01-07 18:00,4ea6640b,eid/article/30/11/24-0329_article.html
eid,393353,Defl:X,115830,71%,2025-01-07 18:00,f0c58096,eid/article/30/11/24-0375_article.html
eid,350275,Defl:X,109678,69%,2025-01-07 18:00,52c9af73,eid/article/30/11/24-0405_article.html
eid,406084,Defl:X,121246,70%,2025-01-07 18:00,8550799d,eid/article/30/11/24-0459_article.html
eid,334522,Defl:X,106912,68%,2025-01-07 18:00,b769fa96,eid/article/30/11/24-0495_article.html
eid,342331,Defl:X,108265,68%,2025-01-07 18:00,5f27af16,eid/article/30/11/24-0499_article.html
eid,416840,Defl:X,119510,71%,2025-01-07 18:00,4eb2a47e,eid/article/30/11/24-0545_article.html
eid,347572,Defl:X,109180,69%,2025-01-07 18:00,16c82699,eid/article/30/11/24-0549_article.html
eid,404739,Defl:X,118337,71%,2025-01-07 18:00,84efbea9,eid/article/30/11/24-0610_article.html
eid,370170,Defl:X,115521,69%,2025-01-07 18:00,b01765e6,eid/article/30/11/24-0638_article.html
eid,409737,Defl:X,122223,70%,2025-01-07 18:00,423d53ca,eid/article/30/11/24-0687_article.html
eid,338411,Defl:X,107493,68%,2025-01-07 18:00,b9631d5c,eid/article/30/11/24-0708_article.html
eid,350265,Defl:X,109565,69%,2025-01-07 18:00,5708354f,eid/article/30/11/24-0729_article.html
eid,330642,Defl:X,106119,68%,2025-01-07 18:00,f01d60fb,eid/article/30/11/24-0764_article.html
eid,394789,Defl:X,118547,70%,2025-01-07 18:00,634967db,eid/article/30/11/24-0771_article.html
eid,336647,Defl:X,107300,68%,2025-01-07 18:00,2f4003a9,eid/article/30/11/24-0772_article.html
eid,416079,Defl:X,120295,71%,2025-01-07 18:00,9a354549,eid/article/30/11/24-0892_article.html
eid,348904,Defl:X,109517,69%,2025-01-07 18:00,7e62d0e0,eid/article/30/11/24-0912_article.html
eid,348328,Defl:X,109189,69%,2025-01-07 18:00,63442d94,eid/article/30/11/24-1000_article.html
eid,333167,Defl:X,106743,68%,2025-01-07 18:00,ade2f79b,eid/article/30/11/24-1001_article.html
eid,353512,Defl:X,109827,69%,2025-01-07 18:00,22f1b6c7,eid/article/30/11/24-1031_article.html
eid,330665,Defl:X,106117,68%,2025-01-07 18:00,4a87cfd2,eid/article/30/11/24-1034_article.html
eid,351346,Defl:X,109908,69%,2025-01-07 18:00,9d635343,eid/article/30/11/24-1068_article.html
eid,349179,Defl:X,109392,69%,2025-01-07 18:00,b1f9ace4,eid/article/30/11/24-1120_article.html
eid,346106,Defl:X,110093,68%,2025-01-07 18:00,7ecdf4cc,eid/article/30/11/24-1132_article.html
eid,404592,Defl:X,119418,71%,2025-01-07 18:00,d3a313a9,eid/article/30/11/24-1220_article.html
eid,339316,Defl:X,108079,68%,2025-01-07 18:00,bd0e014d,eid/article/30/11/24-1331_article.html
eid,316701,Defl:X,102660,68%,2025-01-07 18:00,b12b7bf1,eid/article/30/11/24-1351_article.html
eid,323528,Defl:X,105278,68%,2025-01-07 18:00,b9d1ccc4,eid/article/30/11/ac-3011_article.html
eid,428866,Defl:X,122045,72%,2025-01-07 18:00,4a226ac3,eid/article/30/12/23-1084_article.html
eid,345406,Defl:X,109288,68%,2025-01-07 18:00,9a7007ac,eid/article/30/12/23-1143_article.html
eid,331525,Defl:X,106342,68%,2025-01-07 18:00,48554cd0,eid/article/30/12/23-1520_article.html
eid,407428,Defl:X,119123,71%,2025-01-07 18:00,508bd5da,eid/article/30/12/23-1657_article.html
eid,365436,Defl:X,113751,69%,2025-01-07 18:00,66b9ca62,eid/article/30/12/23-1659_article.html
eid,388966,Defl:X,116906,70%,2025-01-07 18:00,88cdb493,eid/article/30/12/23-1733_article.html
eid,333745,Defl:X,106706,68%,2025-01-07 18:00,8a266460,eid/article/30/12/24-0085_article.html
eid,393657,Defl:X,117825,70%,2025-01-07 18:00,e362e848,eid/article/30/12/24-0154_article.html
eid,425972,Defl:X,122263,71%,2025-01-07 18:00,69ead90e,eid/article/30/12/24-0249_article.html
eid,401380,Defl:X,119000,70%,2025-01-07 18:00,73b50326,eid/article/30/12/24-0310_article.html
eid,343969,Defl:X,108785,68%,2025-01-07 18:00,0122f1e5,eid/article/30/12/24-0339_article.html
eid,406986,Defl:X,119063,71%,2025-01-07 18:00,ce3a2f88,eid/article/30/12/24-0389_article.html
eid,342675,Defl:X,108319,68%,2025-01-07 18:00,cd395439,eid/article/30/12/24-0390_article.html
eid,381215,Defl:X,116173,70%,2025-01-07 18:00,64a3bf13,eid/article/30/12/24-0425_article.html
eid,415371,Defl:X,119714,71%,2025-01-07 18:00,b8faa1ad,eid/article/30/12/24-0432_article.html
eid,394248,Defl:X,117246,70%,2025-01-07 18:00,0b9aa09c,eid/article/30/12/24-0433_article.html
eid,336001,Defl:X,107035,68%,2025-01-07 18:00,bddb0b68,eid/article/30/12/24-0443_article.html
eid,412549,Defl:X,119067,71%,2025-01-07 18:00,350cf3b6,eid/article/30/12/24-0467_article.html
eid,349837,Defl:X,109555,69%,2025-01-07 18:00,69e95721,eid/article/30/12/24-0498_article.html
eid,348896,Defl:X,109480,69%,2025-01-07 18:00,0f7a4d4d,eid/article/30/12/24-0505_article.html
eid,338792,Defl:X,107385,68%,2025-01-07 18:00,237bcdbe,eid/article/30/12/24-0536_article.html
eid,391023,Defl:X,115640,70%,2025-01-07 18:00,cc6f66f5,eid/article/30/12/24-0538_article.html
eid,348177,Defl:X,108716,69%,2025-01-07 18:00,11c94b7d,eid/article/30/12/24-0539_article.html
eid,344001,Defl:X,108299,69%,2025-01-07 18:00,1c4c0f25,eid/article/30/12/24-0646_article.html
eid,402942,Defl:X,119693,70%,2025-01-07 18:00,d1c92e35,eid/article/30/12/24-0649_article.html
eid,332660,Defl:X,106292,68%,2025-01-07 18:00,45d397a4,eid/article/30/12/24-0655_article.html
eid,348497,Defl:X,109516,69%,2025-01-07 18:00,f38db54a,eid/article/30/12/24-0695_article.html
eid,345036,Defl:X,109477,68%,2025-01-07 18:00,52170132,eid/article/30/12/24-0757_article.html
eid,345910,Defl:X,108377,69%,2025-01-07 18:00,738cc9e9,eid/article/30/12/24-0818_article.html
eid,347595,Defl:X,109505,69%,2025-01-07 18:00,5e4c233d,eid/article/30/12/24-0824_article.html
eid,387938,Defl:X,114119,71%,2025-01-07 18:00,7230cc21,eid/article/30/12/24-0830_article.html
eid,321067,Defl:X,103828,68%,2025-01-07 18:00,834ac561,eid/article/30/12/24-0864_article.html
eid,337392,Defl:X,107970,68%,2025-01-07 18:00,4d28df4d,eid/article/30/12/24-0919_article.html
eid,403407,Defl:X,119809,70%,2025-01-07 18:00,ff7eff5f,eid/article/30/12/24-1042_article.html
eid,311060,Defl:X,102113,67%,2025-01-07 18:00,2b329d6d,eid/article/30/12/24-1059_article.html
eid,343893,Defl:X,109114,68%,2025-01-07 18:00,79bf5cf6,eid/article/30/12/24-1089_article.html
eid,412283,Defl:X,120451,71%,2025-01-07 18:00,28361667,eid/article/30/12/24-1114_article.html
eid,346191,Defl:X,108517,69%,2025-01-07 18:00,00d13bfd,eid/article/30/12/24-1126_article.html
eid,340655,Defl:X,108386,68%,2025-01-07 18:00,6a4f3dd8,eid/article/30/12/24-1226_article.html
eid,329082,Defl:X,105661,68%,2025-01-07 18:00,7e0e9f56,eid/article/30/12/24-1330_article.html
eid,336996,Defl:X,107554,68%,2025-01-07 18:00,b959bfce,eid/article/30/12/24-1470_article.html
eid,318317,Defl:X,104356,67%,2025-01-07 18:00,40f679f0,eid/article/30/12/ac-3012_article.html
eid,373319,Defl:X,113697,70%,2025-01-07 18:00,dd015e75,eid/article/30/13/23-0643_article.html
eid,390127,Defl:X,114546,71%,2025-01-07 18:00,c1ba3e17,eid/article/30/13/23-0705_article.html
eid,356845,Defl:X,111644,69%,2025-01-07 18:00,7ef0a8a4,eid/article/30/13/23-0712_article.html
eid,366215,Defl:X,113270,69%,2025-01-07 18:00,d5e5301b,eid/article/30/13/23-0719_article.html
eid,398360,Defl:X,116887,71%,2025-01-07 18:00,6e1fe3a0,eid/article/30/13/23-0739_article.html
eid,389905,Defl:X,114565,71%,2025-01-07 18:00,352ab69b,eid/article/30/13/23-0742_article.html
eid,379422,Defl:X,114311,70%,2025-01-07 18:00,85c87b7e,eid/article/30/13/23-0775_article.html
eid,370781,Defl:X,113637,69%,2025-01-07 18:00,52396ea4,eid/article/30/13/23-0776_article.html
eid,337266,Defl:X,107764,68%,2025-01-07 18:00,b9532e04,eid/article/30/13/23-0777_article.html
eid,340157,Defl:X,108523,68%,2025-01-07 18:00,d07fb605,eid/article/30/13/23-0782_article.html
eid,349894,Defl:X,110120,69%,2025-01-07 18:00,49064944,eid/article/30/13/23-0799_article.html
eid,381417,Defl:X,115219,70%,2025-01-07 18:00,450b9d34,eid/article/30/13/23-0801_article.html
eid,355302,Defl:X,112430,68%,2025-01-07 18:00,3fa3ac8b,eid/article/30/13/23-0812_article.html
eid,402461,Defl:X,116998,71%,2025-01-07 18:00,6af20c98,eid/article/30/13/23-0859_article.html
eid,347788,Defl:X,109693,69%,2025-01-07 18:00,c377797e,eid/article/30/13/23-0860_article.html
eid,344527,Defl:X,108570,69%,2025-01-07 18:00,52bdc326,eid/article/30/13/24-0258_article.html
eid,329998,Defl:X,105683,68%,2025-01-07 18:00,e6230a98,eid/article/30/13/ac-3013_article.html
eid,359923,Defl:X,111961,69%,2025-01-07 18:00,2c0874e4,eid/article/30/14/24-0056_article.html
eid,358962,Defl:X,112214,69%,2025-01-07 18:00,61593a65,eid/article/30/14/24-0128_article.html
eid,362904,Defl:X,112724,69%,2025-01-07 18:00,baf03015,eid/article/30/14/24-0152_article.html
eid,404647,Defl:X,117349,71%,2025-01-07 18:00,24409641,eid/article/30/14/24-0163_article.html
eid,386768,Defl:X,117536,70%,2025-01-07 18:00,f27e5a14,eid/article/30/14/24-0182_article.html
eid,402342,Defl:X,118197,71%,2025-01-07 18:00,bb8077c3,eid/article/30/14/24-0231_article.html
eid,357643,Defl:X,112035,69%,2025-01-07 18:00,28a28c24,eid/article/30/14/24-0295_article.html
eid,409550,Defl:X,120516,71%,2025-01-07 18:00,c90d1381,eid/article/30/14/24-0296_article.html
eid,360475,Defl:X,112804,69%,2025-01-07 18:00,ccdfbb68,eid/article/30/14/24-0303_article.html
eid,352339,Defl:X,111364,68%,2025-01-07 18:00,890ecf1d,eid/article/30/14/24-0304_article.html
eid,345832,Defl:X,109685,68%,2025-01-07 18:00,b592f278,eid/article/30/14/24-0305_article.html
eid,376913,Defl:X,113909,70%,2025-01-07 18:00,38786801,eid/article/30/14/24-0306_article.html
eid,392659,Defl:X,115924,71%,2025-01-07 18:00,a5738ce7,eid/article/30/14/24-0307_article.html
eid,364082,Defl:X,113080,69%,2025-01-07 18:00,02d36644,eid/article/30/14/24-0308_article.html
eid,381235,Defl:X,115054,70%,2025-01-07 18:00,2c3cf3af,eid/article/30/14/24-0370_article.html
eid,384362,Defl:X,116130,70%,2025-01-07 18:00,cb3149a2,eid/article/30/14/24-0374_article.html
eid,325137,Defl:X,104671,68%,2025-01-07 18:00,e0f7a27c,eid/article/30/14/24-0832_article.html
eid,321437,Defl:X,104882,67%,2025-01-07 18:00,c22e7008,eid/article/30/14/ac-3014_article.html
eid,406474,Defl:X,117344,71%,2025-01-07 18:00,50abc4e5,eid/article/30/2/22-1398_article.html
eid,318779,Defl:X,102780,68%,2025-01-07 18:00,1b869538,eid/article/30/2/22-1909_article.html
eid,414693,Defl:X,121826,71%,2025-01-07 18:00,583756e1,eid/article/30/2/23-0122_article.html
eid,409703,Defl:X,118822,71%,2025-01-07 18:00,f5ef02ad,eid/article/30/2/23-0144_article.html
eid,338606,Defl:X,106979,68%,2025-01-07 18:00,bea07e0e,eid/article/30/2/23-0200_article.html
eid,340554,Defl:X,107495,68%,2025-01-07 18:00,3e0dac10,eid/article/30/2/23-0342_article.html
eid,349052,Defl:X,109045,69%,2025-01-07 18:00,40decc85,eid/article/30/2/23-0542_article.html
eid,332347,Defl:X,106693,68%,2025-01-07 18:00,7553b1dd,eid/article/30/2/23-0562_article.html
eid,350814,Defl:X,109225,69%,2025-01-07 18:00,137da094,eid/article/30/2/23-0623_article.html
eid,351570,Defl:X,109895,69%,2025-01-07 18:00,532cff45,eid/article/30/2/23-0639_article.html
eid,403481,Defl:X,119555,70%,2025-01-07 18:00,1b1faa0f,eid/article/30/2/23-0647_article.html
eid,333724,Defl:X,106113,68%,2025-01-07 18:00,17312471,eid/article/30/2/23-0690_article.html
eid,390472,Defl:X,116774,70%,2025-01-07 18:00,70a8aa2d,eid/article/30/2/23-0759_article.html
eid,443844,Defl:X,123350,72%,2025-01-07 18:00,4cd3cd38,eid/article/30/2/23-0768_article.html
eid,347263,Defl:X,108918,69%,2025-01-07 18:00,bbfff8bf,eid/article/30/2/23-0825_article.html
eid,321333,Defl:X,102827,68%,2025-01-07 18:00,5abd7230,eid/article/30/2/23-0827_article.html
eid,385516,Defl:X,116400,70%,2025-01-07 18:00,0ecb10a6,eid/article/30/2/23-0835_article.html
eid,406799,Defl:X,122593,70%,2025-01-07 18:00,8c69f5cf,eid/article/30/2/23-0863_article.html
eid,338729,Defl:X,106848,69%,2025-01-07 18:00,13f50bba,eid/article/30/2/23-0868_article.html
eid,333387,Defl:X,105968,68%,2025-01-07 18:00,d2b54d4d,eid/article/30/2/23-0929_article.html
eid,400308,Defl:X,118772,70%,2025-01-07 18:00,780c07a6,eid/article/30/2/23-0963_article.html
eid,346652,Defl:X,108644,69%,2025-01-07 18:00,050a2a88,eid/article/30/2/23-0988_article.html
eid,352958,Defl:X,109925,69%,2025-01-07 18:00,d21c7489,eid/article/30/2/23-1016_article.html
eid,356745,Defl:X,110332,69%,2025-01-07 18:00,8c4022ed,eid/article/30/2/23-1024_article.html
eid,348772,Defl:X,109832,69%,2025-01-07 18:00,a201db0b,eid/article/30/2/23-1053_article.html
eid,352077,Defl:X,109390,69%,2025-01-07 18:00,c877ccb8,eid/article/30/2/23-1093_article.html
eid,402812,Defl:X,119973,70%,2025-01-07 18:00,aa33443e,eid/article/30/2/23-1142_article.html
eid,339679,Defl:X,107576,68%,2025-01-07 18:00,71cbb4dc,eid/article/30/2/23-1148_article.html
eid,404229,Defl:X,120044,70%,2025-01-07 18:00,50e45df4,eid/article/30/2/23-1221_article.html
eid,391501,Defl:X,116394,70%,2025-01-07 18:00,ec3298d7,eid/article/30/2/23-1274_article.html
eid,332048,Defl:X,106457,68%,2025-01-07 18:00,fa4733a5,eid/article/30/2/23-1316_article.html
eid,336304,Defl:X,106954,68%,2025-01-07 18:00,4f8d28ef,eid/article/30/2/23-1318_article.html
eid,340597,Defl:X,107564,68%,2025-01-07 18:00,76176ee3,eid/article/30/2/23-1332_article.html
eid,350047,Defl:X,109319,69%,2025-01-07 18:00,69fbdf83,eid/article/30/2/23-1440_article.html
eid,319916,Defl:X,102961,68%,2025-01-07 18:00,27b98f4c,eid/article/30/2/23-1465_article.html
eid,353333,Defl:X,110015,69%,2025-01-07 18:00,fcf3f529,eid/article/30/2/23-1527_article.html
eid,317282,Defl:X,103087,68%,2025-01-07 18:00,78c6c1b5,eid/article/30/2/23-1576_article.html
eid,350667,Defl:X,109980,69%,2025-01-07 18:00,3b5af194,eid/article/30/2/23-1615_article.html
eid,322862,Defl:X,103677,68%,2025-01-07 18:00,3e290706,eid/article/30/2/23-1746_article.html
eid,335728,Defl:X,107303,68%,2025-01-07 18:00,71bcc965,eid/article/30/2/ac-3002_article.html
eid,389554,Defl:X,117317,70%,2025-01-07 18:00,20e8df38,eid/article/30/3/22-1760_article.html
eid,352286,Defl:X,110063,69%,2025-01-07 18:00,1ef57235,eid/article/30/3/23-0318_article.html
eid,412888,Defl:X,121412,71%,2025-01-07 18:00,cacdef08,eid/article/30/3/23-0348_article.html
eid,353070,Defl:X,111461,68%,2025-01-07 18:00,90c853b3,eid/article/30/3/23-0609_article.html
eid,351865,Defl:X,111293,68%,2025-01-07 18:00,87f5bee8,eid/article/30/3/23-0684_article.html
eid,343970,Defl:X,108391,69%,2025-01-07 18:00,11048820,eid/article/30/3/23-0700_article.html
eid,412917,Defl:X,119668,71%,2025-01-07 18:00,56542bf8,eid/article/30/3/23-0786_article.html
eid,421312,Defl:X,121794,71%,2025-01-07 18:00,6dfbc159,eid/article/30/3/23-0861_article.html
eid,399938,Defl:X,118644,70%,2025-01-07 18:00,58433f05,eid/article/30/3/23-0864_article.html
eid,381736,Defl:X,116212,70%,2025-01-07 18:00,adf63ddf,eid/article/30/3/23-0888_article.html
eid,401865,Defl:X,118078,71%,2025-01-07 18:00,d8d6d7f6,eid/article/30/3/23-0893_article.html
eid,333475,Defl:X,106428,68%,2025-01-07 18:00,4e2b3616,eid/article/30/3/23-0917_article.html
eid,405586,Defl:X,119029,71%,2025-01-07 18:00,875d0720,eid/article/30/3/23-0934_article.html
eid,351652,Defl:X,109436,69%,2025-01-07 18:00,448ed9d8,eid/article/30/3/23-0973_article.html
eid,340718,Defl:X,107705,68%,2025-01-07 18:00,5a8686c9,eid/article/30/3/23-0986_article.html
eid,333039,Defl:X,106500,68%,2025-01-07 18:00,fc720c44,eid/article/30/3/23-0990_article.html
eid,339863,Defl:X,107386,68%,2025-01-07 18:00,2bfbb08f,eid/article/30/3/23-1018_article.html
eid,414828,Defl:X,118550,71%,2025-01-07 18:00,2bf7fc64,eid/article/30/3/23-1098_article.html
eid,340611,Defl:X,108051,68%,2025-01-07 18:00,f777f855,eid/article/30/3/23-1157_article.html
eid,339842,Defl:X,107347,68%,2025-01-07 18:00,9d5147da,eid/article/30/3/23-1160_article.html
eid,388471,Defl:X,115216,70%,2025-01-07 18:00,e1658174,eid/article/30/3/23-1162_article.html
eid,379093,Defl:X,115283,70%,2025-01-07 18:00,26e09025,eid/article/30/3/23-1194_article.html
eid,404746,Defl:X,118349,71%,2025-01-07 18:00,d8396668,eid/article/30/3/23-1223_article.html
eid,415126,Defl:X,120101,71%,2025-01-07 18:00,ef174e5a,eid/article/30/3/23-1263_article.html
eid,343047,Defl:X,108453,68%,2025-01-07 18:00,be43a968,eid/article/30/3/23-1302_article.html
eid,410651,Defl:X,119294,71%,2025-01-07 18:00,70408fad,eid/article/30/3/23-1309_article.html
eid,354281,Defl:X,110507,69%,2025-01-07 18:00,3d5dff43,eid/article/30/3/23-1402_article.html
eid,348421,Defl:X,109283,69%,2025-01-07 18:00,b026486f,eid/article/30/3/23-1466_article.html
eid,357185,Defl:X,110896,69%,2025-01-07 18:00,aa89509c,eid/article/30/3/23-1488_article.html
eid,330627,Defl:X,106183,68%,2025-01-07 18:00,df474cf1,eid/article/30/3/23-1539_article.html
eid,340069,Defl:X,107945,68%,2025-01-07 18:00,30cc4986,eid/article/30/3/23-1580_article.html
eid,318043,Defl:X,103405,68%,2025-01-07 18:00,eca1ea61,eid/article/30/3/23-1623_article.html
eid,338512,Defl:X,106743,69%,2025-01-07 18:00,66d8b56e,eid/article/30/3/23-1638_article.html
eid,334286,Defl:X,106173,68%,2025-01-07 18:00,aacc6428,eid/article/30/3/23-1674_article.html
eid,346142,Defl:X,108874,69%,2025-01-07 18:00,1713daaf,eid/article/30/3/24-0001_article.html
eid,346146,Defl:X,109081,69%,2025-01-07 18:00,87619404,eid/article/30/3/24-0134_article.html
eid,331492,Defl:X,105121,68%,2025-01-07 18:00,fab6504e,eid/article/30/3/ac-3003_article.html
eid,412894,Defl:X,120679,71%,2025-01-07 18:00,9ae35449,eid/article/30/4/22-1604_article.html
eid,357839,Defl:X,111631,69%,2025-01-07 18:00,2670cc47,eid/article/30/4/23-0693_article.html
eid,348703,Defl:X,108454,69%,2025-01-07 18:00,c553fcb5,eid/article/30/4/23-0912_article.html
eid,421619,Defl:X,120729,71%,2025-01-07 18:00,60bcf8c4,eid/article/30/4/23-0958_article.html
eid,336203,Defl:X,106538,68%,2025-01-07 18:00,08439832,eid/article/30/4/23-0979_article.html
eid,418291,Defl:X,120745,71%,2025-01-07 18:00,179eae8e,eid/article/30/4/23-1031_article.html
eid,421879,Defl:X,121616,71%,2025-01-07 18:00,ed9396c4,eid/article/30/4/23-1034_article.html
eid,344355,Defl:X,108520,69%,2025-01-07 18:00,4d89acac,eid/article/30/4/23-1060_article.html
eid,348526,Defl:X,109299,69%,2025-01-07 18:00,abc1c3a4,eid/article/30/4/23-1074_article.html
eid,340612,Defl:X,107758,68%,2025-01-07 18:00,35630eee,eid/article/30/4/23-1076_article.html
eid,339294,Defl:X,107343,68%,2025-01-07 18:00,046f1869,eid/article/30/4/23-1138_article.html
eid,387995,Defl:X,118753,69%,2025-01-07 18:00,1df30001,eid/article/30/4/23-1140_article.html
eid,437189,Defl:X,122518,72%,2025-01-07 18:00,8743540f,eid/article/30/4/23-1141_article.html
eid,400674,Defl:X,116611,71%,2025-01-07 18:00,a4ca38b4,eid/article/30/4/23-1155_article.html
eid,352722,Defl:X,109856,69%,2025-01-07 18:00,6fd62829,eid/article/30/4/23-1186_article.html
eid,339566,Defl:X,107256,68%,2025-01-07 18:00,b74b690c,eid/article/30/4/23-1204_article.html
eid,337359,Defl:X,106792,68%,2025-01-07 18:00,fbfe0c68,eid/article/30/4/23-1226_article.html
eid,371315,Defl:X,115380,69%,2025-01-07 18:00,55cd7ceb,eid/article/30/4/23-1299_article.html
eid,353126,Defl:X,109222,69%,2025-01-07 18:00,605f7033,eid/article/30/4/23-1301_article.html
eid,346288,Defl:X,109005,69%,2025-01-07 18:00,61a5e534,eid/article/30/4/23-1361_article.html
eid,419103,Defl:X,122404,71%,2025-01-07 18:00,447d99f2,eid/article/30/4/23-1392_article.html
eid,351336,Defl:X,110920,68%,2025-01-07 18:00,7342dc03,eid/article/30/4/23-1413_article.html
eid,381953,Defl:X,115553,70%,2025-01-07 18:00,f94f4f25,eid/article/30/4/23-1414_article.html
eid,409211,Defl:X,120440,71%,2025-01-07 18:00,ed3ab7d3,eid/article/30/4/23-1457_article.html
eid,349788,Defl:X,109561,69%,2025-01-07 18:00,9f610c32,eid/article/30/4/23-1476_article.html
eid,329832,Defl:X,105450,68%,2025-01-07 18:00,6975ce86,eid/article/30/4/23-1491_article.html
eid,330273,Defl:X,105625,68%,2025-01-07 18:00,71512725,eid/article/30/4/23-1492_article.html
eid,337119,Defl:X,107148,68%,2025-01-07 18:00,25b5caab,eid/article/30/4/23-1546_article.html
eid,337518,Defl:X,106584,68%,2025-01-07 18:00,036880c6,eid/article/30/4/23-1610_article.html
eid,341815,Defl:X,107961,68%,2025-01-07 18:00,40445e20,eid/article/30/4/23-1629_article.html
eid,397597,Defl:X,116505,71%,2025-01-07 18:00,c200078d,eid/article/30/4/23-1633_article.html
eid,317886,Defl:X,103346,68%,2025-01-07 18:00,b54413ce,eid/article/30/4/23-1656_article.html
eid,335821,Defl:X,107220,68%,2025-01-07 18:00,a93ff8a8,eid/article/30/4/23-1725_article.html
eid,356960,Defl:X,110998,69%,2025-01-07 18:00,13f0043a,eid/article/30/4/23-1726_article.html
eid,337971,Defl:X,107232,68%,2025-01-07 18:00,c812e252,eid/article/30/4/23-1732_article.html
eid,348649,Defl:X,109893,69%,2025-01-07 18:00,99b69ad1,eid/article/30/4/24-0018_article.html
eid,338315,Defl:X,107520,68%,2025-01-07 18:00,ce387424,eid/article/30/4/24-0115_article.html
eid,336786,Defl:X,106540,68%,2025-01-07 18:00,d032bf8c,eid/article/30/4/24-0125_article.html
eid,342231,Defl:X,107914,69%,2025-01-07 18:00,c0b55af6,eid/article/30/4/24-0160_article.html
eid,337843,Defl:X,106604,68%,2025-01-07 18:00,17fad978,eid/article/30/4/24-0176_article.html
eid,325030,Defl:X,105643,68%,2025-01-07 18:00,74e8cf01,eid/article/30/4/ac-3004_article.html
eid,306413,Defl:X,99615,68%,2025-01-07 18:00,3610a7d2,eid/article/30/4/c1-3004_article.html
eid,306199,Defl:X,99610,68%,2025-01-07 18:00,2c2a5661,eid/article/30/4/c2-3004_article.html
eid,396840,Defl:X,118721,70%,2025-01-07 18:00,16e55e41,eid/article/30/5/22-1258_article.html
eid,350747,Defl:X,109361,69%,2025-01-07 18:00,9786d829,eid/article/30/5/23-0293_article.html
eid,356597,Defl:X,111724,69%,2025-01-07 18:00,51af4290,eid/article/30/5/23-0356_article.html
eid,368285,Defl:X,113598,69%,2025-01-07 18:00,14bf6e88,eid/article/30/5/23-0357_article.html
eid,404410,Defl:X,118059,71%,2025-01-07 18:00,2e5211ea,eid/article/30/5/23-0482_article.html
eid,381218,Defl:X,114214,70%,2025-01-07 18:00,efb934a4,eid/article/30/5/23-0645_article.html
eid,401905,Defl:X,119235,70%,2025-01-07 18:00,62548eb4,eid/article/30/5/23-0676_article.html
eid,338473,Defl:X,106183,69%,2025-01-07 18:00,0e90265e,eid/article/30/5/23-0743_article.html
eid,334960,Defl:X,106460,68%,2025-01-07 18:00,ab3a036e,eid/article/30/5/23-0927_article.html
eid,374321,Defl:X,115407,69%,2025-01-07 18:00,ff642f32,eid/article/30/5/23-1042_article.html
eid,350948,Defl:X,109193,69%,2025-01-07 18:00,7e408998,eid/article/30/5/23-1045_article.html
eid,338792,Defl:X,106696,69%,2025-01-07 18:00,1066fffc,eid/article/30/5/23-1130_article.html
eid,347856,Defl:X,108979,69%,2025-01-07 18:00,cef2e2f7,eid/article/30/5/23-1248_article.html
eid,401051,Defl:X,118228,71%,2025-01-07 18:00,572ab809,eid/article/30/5/23-1273_article.html
eid,336235,Defl:X,106590,68%,2025-01-07 18:00,18eeaafa,eid/article/30/5/23-1278_article.html
eid,348798,Defl:X,109710,69%,2025-01-07 18:00,b965532b,eid/article/30/5/23-1317_article.html
eid,338206,Defl:X,108065,68%,2025-01-07 18:00,4c57b560,eid/article/30/5/23-1364_article.html
eid,352639,Defl:X,109517,69%,2025-01-07 18:00,48073d2a,eid/article/30/5/23-1383_article.html
eid,337602,Defl:X,106512,69%,2025-01-07 18:00,3120015f,eid/article/30/5/23-1401_article.html
eid,342766,Defl:X,108979,68%,2025-01-07 18:00,4345d0ad,eid/article/30/5/23-1406_article.html
eid,334406,Defl:X,106342,68%,2025-01-07 18:00,96945fc7,eid/article/30/5/23-1514_article.html
eid,405241,Defl:X,118850,71%,2025-01-07 18:00,29501015,eid/article/30/5/23-1555_article.html
eid,333153,Defl:X,106634,68%,2025-01-07 18:00,48b2548a,eid/article/30/5/23-1558_article.html
eid,339483,Defl:X,107306,68%,2025-01-07 18:00,8e023ecf,eid/article/30/5/23-1563_article.html
eid,390580,Defl:X,116317,70%,2025-01-07 18:00,2bd8d9a2,eid/article/30/5/23-1588_article.html
eid,358077,Defl:X,111112,69%,2025-01-07 18:00,54e11c46,eid/article/30/5/23-1624_article.html
eid,336276,Defl:X,106591,68%,2025-01-07 18:00,0e1fd881,eid/article/30/5/23-1632_article.html
eid,405903,Defl:X,117854,71%,2025-01-07 18:00,30576643,eid/article/30/5/23-1646_article.html
eid,429344,Defl:X,123642,71%,2025-01-07 18:00,8107b59e,eid/article/30/5/23-1647_article.html
eid,430315,Defl:X,123254,71%,2025-01-07 18:00,d4f3314c,eid/article/30/5/23-1648_article.html
eid,350852,Defl:X,108605,69%,2025-01-07 18:00,7274e317,eid/article/30/5/23-1694_article.html
eid,342447,Defl:X,108100,68%,2025-01-07 18:00,c5253e93,eid/article/30/5/23-1714_article.html
eid,338435,Defl:X,106878,68%,2025-01-07 18:00,fe8ef2f0,eid/article/30/5/23-1739_article.html
eid,341282,Defl:X,108133,68%,2025-01-07 18:00,b9e76b30,eid/article/30/5/23-1742_article.html
eid,380978,Defl:X,114758,70%,2025-01-07 18:00,ea5b59c6,eid/article/30/5/23-1757_article.html
eid,383191,Defl:X,115274,70%,2025-01-07 18:00,fe4b199e,eid/article/30/5/23-1764_article.html
eid,349636,Defl:X,108668,69%,2025-01-07 18:00,062b5857,eid/article/30/5/23-1775_article.html
eid,400031,Defl:X,116609,71%,2025-01-07 18:00,8df65360,eid/article/30/5/24-0074_article.html
eid,323512,Defl:X,104768,68%,2025-01-07 18:00,6fa69097,eid/article/30/5/ac-3005_article.html
eid,382717,Defl:X,114231,70%,2025-01-07 18:00,4101ef64,eid/article/30/6/23-0473_article.html
eid,354909,Defl:X,109442,69%,2025-01-07 18:00,3b1787e6,eid/article/30/6/23-0530_article.html
eid,380134,Defl:X,114167,70%,2025-01-07 18:00,b3a42d82,eid/article/30/6/23-0670_article.html
eid,336616,Defl:X,107989,68%,2025-01-07 18:00,a84f9473,eid/article/30/6/23-0794_article.html
eid,331282,Defl:X,105972,68%,2025-01-07 18:00,69e687e2,eid/article/30/6/23-0922_article.html
eid,397758,Defl:X,117300,71%,2025-01-07 18:00,0c0a5c1c,eid/article/30/6/23-0975_article.html
eid,409022,Defl:X,121710,70%,2025-01-07 18:00,b2857793,eid/article/30/6/23-1033_article.html
eid,417194,Defl:X,120027,71%,2025-01-07 18:00,c824dfe3,eid/article/30/6/23-1095_article.html
eid,353706,Defl:X,110592,69%,2025-01-07 18:00,60b7a0d2,eid/article/30/6/23-1184_article.html
eid,350891,Defl:X,110016,69%,2025-01-07 18:00,bcc307d2,eid/article/30/6/23-1247_article.html
eid,336618,Defl:X,106751,68%,2025-01-07 18:00,53e2e5f0,eid/article/30/6/23-1280_article.html
eid,391452,Defl:X,116299,70%,2025-01-07 18:00,81dfbba3,eid/article/30/6/23-1285_article.html
eid,349748,Defl:X,109431,69%,2025-01-07 18:00,d3956082,eid/article/30/6/23-1322_article.html
eid,418391,Defl:X,120283,71%,2025-01-07 18:00,6e8d9a32,eid/article/30/6/23-1338_article.html
eid,392387,Defl:X,116542,70%,2025-01-07 18:00,0a28ff4f,eid/article/30/6/23-1354_article.html
eid,423266,Defl:X,120918,71%,2025-01-07 18:00,5c44f2a9,eid/article/30/6/23-1409_article.html
eid,414303,Defl:X,119057,71%,2025-01-07 18:00,f24cb410,eid/article/30/6/23-1422_article.html
eid,411851,Defl:X,118881,71%,2025-01-07 18:00,55157a1a,eid/article/30/6/23-1427_article.html
eid,347699,Defl:X,108857,69%,2025-01-07 18:00,b9eb6fed,eid/article/30/6/23-1454_article.html
eid,341547,Defl:X,108270,68%,2025-01-07 18:00,04ec5ae7,eid/article/30/6/23-1459_article.html
eid,353990,Defl:X,109504,69%,2025-01-07 18:00,436794f4,eid/article/30/6/23-1525_article.html
eid,425635,Defl:X,122376,71%,2025-01-07 18:00,24ab090c,eid/article/30/6/23-1553_article.html
eid,412249,Defl:X,120098,71%,2025-01-07 18:00,827f1bfa,eid/article/30/6/23-1568_article.html
eid,348004,Defl:X,109246,69%,2025-01-07 18:00,16780ea4,eid/article/30/6/23-1585_article.html
eid,350629,Defl:X,109623,69%,2025-01-07 18:00,43c1f9b6,eid/article/30/6/23-1618_article.html
eid,340701,Defl:X,107970,68%,2025-01-07 18:00,ec1f5c9a,eid/article/30/6/23-1641_article.html
eid,341353,Defl:X,108171,68%,2025-01-07 18:00,266384d6,eid/article/30/6/23-1676_article.html
eid,398067,Defl:X,118705,70%,2025-01-07 18:00,0a6d07c1,eid/article/30/6/23-1699_article.html
eid,349637,Defl:X,109017,69%,2025-01-07 18:00,7ce1cded,eid/article/30/6/23-1720_article.html
eid,420698,Defl:X,122234,71%,2025-01-07 18:00,846ada90,eid/article/30/6/23-1734_article.html
eid,340311,Defl:X,107636,68%,2025-01-07 18:00,e9403487,eid/article/30/6/23-1769_article.html
eid,336595,Defl:X,106475,68%,2025-01-07 18:00,0efc0c2e,eid/article/30/6/24-0023_article.html
eid,333986,Defl:X,106628,68%,2025-01-07 18:00,1223149d,eid/article/30/6/24-0051_article.html
eid,348366,Defl:X,108987,69%,2025-01-07 18:00,99788fc6,eid/article/30/6/24-0077_article.html
eid,339547,Defl:X,107045,69%,2025-01-07 18:00,f2916af3,eid/article/30/6/24-0192_article.html
eid,348696,Defl:X,108710,69%,2025-01-07 18:00,76eec4ec,eid/article/30/6/24-0194_article.html
eid,317043,Defl:X,102958,68%,2025-01-07 18:00,02352c69,eid/article/30/6/24-0255_article.html
eid,340393,Defl:X,106909,69%,2025-01-07 18:00,c8b70f01,eid/article/30/6/24-0283_article.html
eid,350579,Defl:X,109855,69%,2025-01-07 18:00,24daf3f7,eid/article/30/6/24-0336_article.html
eid,316589,Defl:X,102376,68%,2025-01-07 18:00,c807cfd1,eid/article/30/6/24-0431_article.html
eid,329790,Defl:X,106327,68%,2025-01-07 18:00,3a221701,eid/article/30/6/ac-3006_article.html
eid,312672,Defl:X,101746,68%,2025-01-07 18:00,df6b5bcc,eid/article/30/6/nn-3006_article.html
eid,343237,Defl:X,108674,68%,2025-01-07 18:00,aeec2679,eid/article/30/7/23-0611_article.html
eid,396534,Defl:X,116847,71%,2025-01-07 18:00,8486ea4b,eid/article/30/7/23-0810_article.html
eid,382191,Defl:X,116695,70%,2025-01-07 18:00,e40d511d,eid/article/30/7/23-0932_article.html
eid,357240,Defl:X,111075,69%,2025-01-07 18:00,db2198db,eid/article/30/7/23-0942_article.html
eid,340320,Defl:X,107253,69%,2025-01-07 18:00,60d32417,eid/article/30/7/23-0968_article.html
eid,387473,Defl:X,117229,70%,2025-01-07 18:00,8e23046c,eid/article/30/7/23-1001_article.html
eid,351285,Defl:X,110394,69%,2025-01-07 18:00,5ab9331e,eid/article/30/7/23-1040_article.html
eid,350302,Defl:X,108610,69%,2025-01-07 18:00,a54924de,eid/article/30/7/23-1219_article.html
eid,341088,Defl:X,108633,68%,2025-01-07 18:00,515dfd32,eid/article/30/7/23-1363_article.html
eid,341873,Defl:X,106877,69%,2025-01-07 18:00,ed56c175,eid/article/30/7/23-1404_article.html
eid,401224,Defl:X,117703,71%,2025-01-07 18:00,6d399c18,eid/article/30/7/23-1522_article.html
eid,339965,Defl:X,107247,69%,2025-01-07 18:00,5e0477bb,eid/article/30/7/23-1594_article.html
eid,345786,Defl:X,108591,69%,2025-01-07 18:00,2faddfb4,eid/article/30/7/23-1611_article.html
eid,316439,Defl:X,102823,68%,2025-01-07 18:00,c2487c0b,eid/article/30/7/23-1631_article.html
eid,347233,Defl:X,108537,69%,2025-01-07 18:00,5f7eb1b0,eid/article/30/7/23-1660_article.html
eid,394572,Defl:X,116792,70%,2025-01-07 18:00,83f5313d,eid/article/30/7/23-1723_article.html
eid,387837,Defl:X,117367,70%,2025-01-07 18:00,3994839b,eid/article/30/7/23-1771_article.html
eid,346699,Defl:X,108708,69%,2025-01-07 18:00,b9078769,eid/article/30/7/24-0009_article.html
eid,337621,Defl:X,107556,68%,2025-01-07 18:00,739232d0,eid/article/30/7/24-0033_article.html
eid,334886,Defl:X,106797,68%,2025-01-07 18:00,9873f039,eid/article/30/7/24-0055_article.html
eid,341400,Defl:X,109330,68%,2025-01-07 18:00,f9d43a29,eid/article/30/7/24-0092_article.html
eid,325449,Defl:X,105083,68%,2025-01-07 18:00,411dcd4c,eid/article/30/7/24-0177_article.html
eid,347205,Defl:X,109736,68%,2025-01-07 18:00,eea98668,eid/article/30/7/24-0183_article.html
eid,350597,Defl:X,109429,69%,2025-01-07 18:00,8058e5ae,eid/article/30/7/24-0217_article.html
eid,416360,Defl:X,121165,71%,2025-01-07 18:00,ad089dfa,eid/article/30/7/24-0273_article.html
eid,341776,Defl:X,108417,68%,2025-01-07 18:00,3e56cb86,eid/article/30/7/24-0275_article.html
eid,330307,Defl:X,105919,68%,2025-01-07 18:00,d518ad8a,eid/article/30/7/24-0301_article.html
eid,339250,Defl:X,107031,69%,2025-01-07 18:00,0d0de263,eid/article/30/7/24-0315_article.html
eid,350031,Defl:X,109036,69%,2025-01-07 18:00,f64f923d,eid/article/30/7/24-0331_article.html
eid,329704,Defl:X,106194,68%,2025-01-07 18:00,d2f942e7,eid/article/30/7/24-0352_article.html
eid,334263,Defl:X,106422,68%,2025-01-07 18:00,bd1f1db0,eid/article/30/7/24-0354_article.html
eid,339554,Defl:X,107812,68%,2025-01-07 18:00,524ced1a,eid/article/30/7/24-0388_article.html
eid,332156,Defl:X,106186,68%,2025-01-07 18:00,a64e1f8a,eid/article/30/7/24-0450_article.html
eid,351165,Defl:X,110190,69%,2025-01-07 18:00,de2a43ae,eid/article/30/7/24-0480_article.html
eid,397169,Defl:X,118394,70%,2025-01-07 18:00,9d74fcfe,eid/article/30/7/24-0508_article.html
eid,334755,Defl:X,106192,68%,2025-01-07 18:00,bab122d4,eid/article/30/7/24-0520_article.html
eid,438282,Defl:X,123939,72%,2025-01-07 18:00,a82a146f,eid/article/30/7/24-0689_article.html
eid,352715,Defl:X,110320,69%,2025-01-07 18:00,4ebaf158,eid/article/30/7/24-0717_article.html
eid,323716,Defl:X,105702,67%,2025-01-07 18:00,e51f0686,eid/article/30/7/ac-3007_article.html
eid,305366,Defl:X,99556,67%,2025-01-07 18:00,2803637b,eid/article/30/7/c1-3007_article.html
eid,305350,Defl:X,99530,67%,2025-01-07 18:00,2b1116b1,eid/article/30/7/c2-3007_article.html
eid,318039,Defl:X,102811,68%,2025-01-07 18:00,ff5f4654,eid/article/30/8/23-0677_article.html
eid,341100,Defl:X,108162,68%,2025-01-07 18:00,0b5b27bc,eid/article/30/8/23-0875_article.html
eid,413076,Defl:X,121057,71%,2025-01-07 18:00,1a818293,eid/article/30/8/23-0876_article.html
eid,347975,Defl:X,108447,69%,2025-01-07 18:00,e00a46ac,eid/article/30/8/23-0981_article.html
eid,415730,Defl:X,121566,71%,2025-01-07 18:00,30850d74,eid/article/30/8/23-1056_article.html
eid,353532,Defl:X,110274,69%,2025-01-07 18:00,1beb8155,eid/article/30/8/23-1137_article.html
eid,419097,Defl:X,119853,71%,2025-01-07 18:00,e4cb95a9,eid/article/30/8/23-1176_article.html
eid,338678,Defl:X,107516,68%,2025-01-07 18:00,5e921fdd,eid/article/30/8/23-1255_article.html
eid,392373,Defl:X,117624,70%,2025-01-07 18:00,fe29876d,eid/article/30/8/23-1331_article.html
eid,394027,Defl:X,118428,70%,2025-01-07 18:00,6a660e51,eid/article/30/8/23-1562_article.html
eid,339480,Defl:X,108008,68%,2025-01-07 18:00,283d4656,eid/article/30/8/23-1564_article.html
eid,351446,Defl:X,110026,69%,2025-01-07 18:00,3201f1b7,eid/article/30/8/23-1575_article.html
eid,353777,Defl:X,109568,69%,2025-01-07 18:00,b0802610,eid/article/30/8/23-1596_article.html
eid,335910,Defl:X,106982,68%,2025-01-07 18:00,53a21edf,eid/article/30/8/23-1651_article.html
eid,389724,Defl:X,119960,69%,2025-01-07 18:00,7ed24440,eid/article/30/8/23-1671_article.html
eid,336446,Defl:X,106648,68%,2025-01-07 18:00,b43cda20,eid/article/30/8/23-1702_article.html
eid,384065,Defl:X,114967,70%,2025-01-07 18:00,1ef769dc,eid/article/30/8/23-1710_article.html
eid,419281,Defl:X,119344,72%,2025-01-07 18:00,9bab6f28,eid/article/30/8/24-0007_article.html
eid,347423,Defl:X,109003,69%,2025-01-07 18:00,b860a874,eid/article/30/8/24-0019_article.html
eid,387910,Defl:X,117406,70%,2025-01-07 18:00,3389ae17,eid/article/30/8/24-0021_article.html
eid,386779,Defl:X,116821,70%,2025-01-07 18:00,3b88ee0f,eid/article/30/8/24-0031_article.html
eid,342604,Defl:X,107473,69%,2025-01-07 18:00,f19b20b1,eid/article/30/8/24-0036_article.html
eid,349937,Defl:X,109261,69%,2025-01-07 18:00,21132c96,eid/article/30/8/24-0089_article.html
eid,402599,Defl:X,119614,70%,2025-01-07 18:00,9c5c34c4,eid/article/30/8/24-0096_article.html
eid,329332,Defl:X,105097,68%,2025-01-07 18:00,3c3cdc55,eid/article/30/8/24-0103_article.html
eid,348357,Defl:X,108996,69%,2025-01-07 18:00,9e447f27,eid/article/30/8/24-0139_article.html
eid,330831,Defl:X,106126,68%,2025-01-07 18:00,463bad8d,eid/article/30/8/24-0145_article.html
eid,419047,Defl:X,121898,71%,2025-01-07 18:00,2ed03484,eid/article/30/8/24-0181_article.html
eid,421688,Defl:X,122021,71%,2025-01-07 18:00,7b062bd5,eid/article/30/8/24-0209_article.html
eid,407462,Defl:X,119493,71%,2025-01-07 18:00,bc75cea3,eid/article/30/8/24-0225_article.html
eid,332076,Defl:X,106419,68%,2025-01-07 18:00,29e34994,eid/article/30/8/24-0252_article.html
eid,335748,Defl:X,106686,68%,2025-01-07 18:00,91785dae,eid/article/30/8/24-0289_article.html
eid,352351,Defl:X,109576,69%,2025-01-07 18:00,15514d7b,eid/article/30/8/24-0410_article.html
eid,349236,Defl:X,109418,69%,2025-01-07 18:00,54e5832c,eid/article/30/8/24-0411_article.html
eid,350176,Defl:X,109805,69%,2025-01-07 18:00,46e7e5c5,eid/article/30/8/24-0481_article.html
eid,319787,Defl:X,103312,68%,2025-01-07 18:00,54f97c8f,eid/article/30/8/24-0484_article.html
eid,400482,Defl:X,118181,71%,2025-01-07 18:00,b474b020,eid/article/30/8/24-0529_article.html
eid,385198,Defl:X,116854,70%,2025-01-07 18:00,4db650ba,eid/article/30/8/24-0541_article.html
eid,406231,Defl:X,119056,71%,2025-01-07 18:00,510aa17f,eid/article/30/8/24-0659_article.html
eid,333538,Defl:X,106812,68%,2025-01-07 18:00,6f788262,eid/article/30/8/24-0775_article.html
eid,344644,Defl:X,108144,69%,2025-01-07 18:00,775bb803,eid/article/30/8/24-0785_article.html
eid,324084,Defl:X,105372,68%,2025-01-07 18:00,ea646fc9,eid/article/30/8/ac-3008_article.html
eid,349085,Defl:X,108644,69%,2025-01-07 18:00,bbeb507a,eid/article/30/9/23-1073_article.html
eid,411471,Defl:X,120511,71%,2025-01-07 18:00,ba7ce87f,eid/article/30/9/23-1238_article.html
eid,332754,Defl:X,106400,68%,2025-01-07 18:00,b46f5ec7,eid/article/30/9/23-1344_article.html
eid,347109,Defl:X,109400,69%,2025-01-07 18:00,8f732ed0,eid/article/30/9/23-1415_article.html
eid,386278,Defl:X,115730,70%,2025-01-07 18:00,9232dbf4,eid/article/30/9/23-1448_article.html
eid,337200,Defl:X,106760,68%,2025-01-07 18:00,1561c1d2,eid/article/30/9/23-1595_article.html
eid,333136,Defl:X,106955,68%,2025-01-07 18:00,88fb4e32,eid/article/30/9/23-1604_article.html
eid,364557,Defl:X,112522,69%,2025-01-07 18:00,e8cd825c,eid/article/30/9/23-1692_article.html
eid,338070,Defl:X,106659,69%,2025-01-07 18:00,37c693b8,eid/article/30/9/24-0026_article.html
eid,412787,Defl:X,118949,71%,2025-01-07 18:00,cd36019a,eid/article/30/9/24-0065_article.html
eid,356549,Defl:X,111180,69%,2025-01-07 18:00,3a9ec652,eid/article/30/9/24-0075_article.html
eid,367115,Defl:X,113353,69%,2025-01-07 18:00,034b963a,eid/article/30/9/24-0082_article.html
eid,400236,Defl:X,115973,71%,2025-01-07 18:00,7af7b061,eid/article/30/9/24-0095_article.html
eid,336553,Defl:X,106643,68%,2025-01-07 18:00,fe29f4b8,eid/article/30/9/24-0118_article.html
eid,386454,Defl:X,116347,70%,2025-01-07 18:00,eacffaa3,eid/article/30/9/24-0135_article.html
eid,389508,Defl:X,115781,70%,2025-01-07 18:00,04e2103c,eid/article/30/9/24-0150_article.html
eid,337028,Defl:X,107257,68%,2025-01-07 18:00,a4ec58df,eid/article/30/9/24-0238_article.html
eid,407838,Defl:X,116730,71%,2025-01-07 18:00,02aeda1f,eid/article/30/9/24-0259_article.html
eid,404403,Defl:X,118963,71%,2025-01-07 18:00,e28e9832,eid/article/30/9/24-0278_article.html
eid,351097,Defl:X,109711,69%,2025-01-07 18:00,44914e31,eid/article/30/9/24-0356_article.html
eid,405553,Defl:X,119264,71%,2025-01-07 18:00,9949e200,eid/article/30/9/24-0372_article.html
eid,412416,Defl:X,121673,71%,2025-01-07 18:00,bf4429f6,eid/article/30/9/24-0378_article.html
eid,337127,Defl:X,106514,68%,2025-01-07 18:00,ad4cdabe,eid/article/30/9/24-0419_article.html
eid,393160,Defl:X,117712,70%,2025-01-07 18:00,79bcc028,eid/article/30/9/24-0444_article.html
eid,338042,Defl:X,106839,68%,2025-01-07 18:00,2bed9603,eid/article/30/9/24-0454_article.html
eid,409371,Defl:X,121888,70%,2025-01-07 18:00,1026ed50,eid/article/30/9/24-0468_article.html
eid,414372,Defl:X,120233,71%,2025-01-07 18:00,3fe49e82,eid/article/30/9/24-0475_article.html
eid,343219,Defl:X,108655,68%,2025-01-07 18:00,37090cb5,eid/article/30/9/24-0510_article.html
eid,332232,Defl:X,106497,68%,2025-01-07 18:00,38db632b,eid/article/30/9/24-0525_article.html
eid,384417,Defl:X,116643,70%,2025-01-07 18:00,8abc3dea,eid/article/30/9/24-0530_article.html
eid,353637,Defl:X,110368,69%,2025-01-07 18:00,8a9ba7e8,eid/article/30/9/24-0556_article.html
eid,350832,Defl:X,109193,69%,2025-01-07 18:00,0bbcfeed,eid/article/30/9/24-0557_article.html
eid,347129,Defl:X,108584,69%,2025-01-07 18:00,8bba81e9,eid/article/30/9/24-0615_article.html
eid,348305,Defl:X,109623,69%,2025-01-07 18:00,cdb5d094,eid/article/30/9/24-0640_article.html
eid,337035,Defl:X,106992,68%,2025-01-07 18:00,0a4880d9,eid/article/30/9/24-0679_article.html
eid,345610,Defl:X,108708,69%,2025-01-07 18:00,60269d30,eid/article/30/9/24-0696_article.html
eid,309756,Defl:X,101538,67%,2025-01-07 18:00,d96c53bd,eid/article/30/9/24-0736_article.html
eid,325774,Defl:X,105225,68%,2025-01-07 18:00,be053915,eid/article/30/9/24-0853_article.html
eid,324228,Defl:X,105040,68%,2025-01-07 18:00,abd161d5,eid/article/30/9/ac-3009_article.html
eid,304849,Defl:X,99570,67%,2025-01-07 18:00,a84a6fea,eid/article/30/9/c1-3009_article.html
eid,304631,Defl:X,99511,67%,2025-01-07 18:00,1853ec9b,eid/article/30/9/c2-3009_article.html
eid,402211,Defl:X,119088,70%,2025-01-07 18:00,b5c18b8a,eid/article/9/6/02-0702_article.html
eid,496881,Defl:X,129317,74%,2025-01-07 18:00,fcf3e6c6,eid/articles/issue/29/1/table-of-contents.html
eid,497187,Defl:X,129159,74%,2025-01-07 18:00,138b0af9,eid/articles/issue/29/10/table-of-contents.html
eid,502294,Defl:X,129407,74%,2025-01-07 18:00,c5b1d697,eid/articles/issue/29/11/table-of-contents.html
eid,473918,Defl:X,124417,74%,2025-01-07 18:00,776ec5f1,eid/articles/issue/29/12/table-of-contents.html
eid,499983,Defl:X,129113,74%,2025-01-07 18:00,2e0911fb,eid/articles/issue/29/2/table-of-contents.html
eid,494838,Defl:X,128463,74%,2025-01-07 18:00,474a1dd3,eid/articles/issue/29/3/table-of-contents.html
eid,496941,Defl:X,128074,74%,2025-01-07 18:00,150f795d,eid/articles/issue/29/4/table-of-contents.html
eid,497741,Defl:X,128105,74%,2025-01-07 18:00,bfd89760,eid/articles/issue/29/5/table-of-contents.html
eid,488755,Defl:X,127734,74%,2025-01-07 18:00,7469c20f,eid/articles/issue/29/6/table-of-contents.html
eid,491866,Defl:X,127065,74%,2025-01-07 18:00,d4b9bd7f,eid/articles/issue/29/7/table-of-contents.html
eid,496255,Defl:X,128694,74%,2025-01-07 18:00,21bee8ea,eid/articles/issue/29/8/table-of-contents.html
eid,494812,Defl:X,127967,74%,2025-01-07 18:00,b37f6409,eid/articles/issue/29/9/table-of-contents.html
eid,494924,Defl:X,127521,74%,2025-01-07 18:00,815c3b12,eid/articles/issue/30/1/table-of-contents.html
eid,497782,Defl:X,128262,74%,2025-01-07 18:00,ae93b10c,eid/articles/issue/30/10/table-of-contents.html
eid,497135,Defl:X,128613,74%,2025-01-07 18:00,6f390051,eid/articles/issue/30/11/table-of-contents.html
eid,501157,Defl:X,129280,74%,2025-01-07 18:00,d76a41ba,eid/articles/issue/30/12/table-of-contents.html
eid,408068,Defl:X,115372,72%,2025-01-07 18:00,962f6eb5,eid/articles/issue/30/13/table-of-contents.html
eid,412237,Defl:X,115911,72%,2025-01-07 18:00,2bfb2a7e,eid/articles/issue/30/14/table-of-contents.html
eid,486810,Defl:X,126218,74%,2025-01-07 18:00,9bb8b4fe,eid/articles/issue/30/2/table-of-contents.html
eid,482323,Defl:X,126557,74%,2025-01-07 18:00,bf835b31,eid/articles/issue/30/3/table-of-contents.html
eid,497596,Defl:X,127833,74%,2025-01-07 18:00,6d32ee07,eid/articles/issue/30/4/table-of-contents.html
eid,490530,Defl:X,127466,74%,2025-01-07 18:00,ba4bf888,eid/articles/issue/30/5/table-of-contents.html
eid,501600,Defl:X,129189,74%,2025-01-07 18:00,81b7bb49,eid/articles/issue/30/6/table-of-contents.html
eid,491185,Defl:X,126889,74%,2025-01-07 18:00,b43556f5,eid/articles/issue/30/7/table-of-contents.html
eid,503932,Defl:X,130048,74%,2025-01-07 18:00,59a2c9d5,eid/articles/issue/30/8/table-of-contents.html
eid,498549,Defl:X,128470,74%,2025-01-07 18:00,f40a79c8,eid/articles/issue/30/9/table-of-contents.html
eid,353954,Defl:X,103087,71%,2025-01-07 18:00,432d3525,eid/past-issues/volume-29.html
eid,357281,Defl:X,103216,71%,2025-01-07 18:00,3d7f0cd3,eid/past-issues/volume-30.html
pcd,177559,Defl:X,33701,81%,2025-01-07 18:00,cf6fc844,pcd/issues/2024/2024_TOC.htm
pcd,163044,Defl:X,36726,78%,2025-01-07 18:00,cfc10c3f,pcd/issues/2024/22_0341.htm
pcd,148236,Defl:X,33810,77%,2025-01-07 18:00,358485a5,pcd/issues/2024/22_0411.htm
pcd,119511,Defl:X,29378,75%,2025-01-07 18:00,74089f0b,pcd/issues/2024/23_0115.htm
pcd,154171,Defl:X,35578,77%,2025-01-07 18:00,d57ced7c,pcd/issues/2024/23_0162.htm
pcd,94610,Defl:X,24753,74%,2025-01-07 18:00,947728e6,pcd/issues/2024/23_0166.htm
pcd,146814,Defl:X,35616,76%,2025-01-07 18:00,16c241ca,pcd/issues/2024/23_0181.htm
pcd,185780,Defl:X,39483,79%,2025-01-07 18:00,cae5ad6d,pcd/issues/2024/23_0189.htm
pcd,115901,Defl:X,31104,73%,2025-01-07 18:00,c061fe41,pcd/issues/2024/23_0200.htm
pcd,147583,Defl:X,34653,77%,2025-01-07 18:00,bc597604,pcd/issues/2024/23_0206.htm
pcd,132376,Defl:X,32892,75%,2025-01-07 18:00,47c7df2b,pcd/issues/2024/23_0211.htm
pcd,162880,Defl:X,41455,75%,2025-01-07 18:00,c86e1305,pcd/issues/2024/23_0220.htm
pcd,160460,Defl:X,37076,77%,2025-01-07 18:00,de79fd6d,pcd/issues/2024/23_0221.htm
pcd,149320,Defl:X,34954,77%,2025-01-07 18:00,b3f4ebea,pcd/issues/2024/23_0234.htm
pcd,157480,Defl:X,37581,76%,2025-01-07 18:00,ea9cc08d,pcd/issues/2024/23_0237.htm
pcd,120501,Defl:X,29371,76%,2025-01-07 18:00,22b01799,pcd/issues/2024/23_0244.htm
pcd,101660,Defl:X,26258,74%,2025-01-07 18:00,914a85b8,pcd/issues/2024/23_0248.htm
pcd,167681,Defl:X,36211,78%,2025-01-07 18:00,5cd222ab,pcd/issues/2024/23_0257.htm
pcd,159680,Defl:X,36998,77%,2025-01-07 18:00,4801f617,pcd/issues/2024/23_0266.htm
pcd,146482,Defl:X,35929,76%,2025-01-07 18:00,35c0fc92,pcd/issues/2024/23_0267.htm
pcd,143899,Defl:X,36370,75%,2025-01-07 18:00,141e77ec,pcd/issues/2024/23_0277.htm
pcd,78595,Defl:X,19645,75%,2025-01-07 18:00,ee52dbc0,pcd/issues/2024/23_0277e.htm
pcd,122548,Defl:X,31789,74%,2025-01-07 18:00,5b8a602d,pcd/issues/2024/23_0282.htm
pcd,139678,Defl:X,31221,78%,2025-01-07 18:00,67332bc4,pcd/issues/2024/23_0283.htm
pcd,124778,Defl:X,29400,76%,2025-01-07 18:00,70b13ec4,pcd/issues/2024/23_0284.htm
pcd,211615,Defl:X,68232,68%,2025-01-07 18:00,0dc4572b,pcd/issues/2024/23_0286.htm
pcd,178178,Defl:X,39004,78%,2025-01-07 18:00,5c3048b6,pcd/issues/2024/23_0288.htm
pcd,159160,Defl:X,36002,77%,2025-01-07 18:00,3ec0a45e,pcd/issues/2024/23_0291.htm
pcd,206876,Defl:X,66972,68%,2025-01-07 18:00,20a7ceaf,pcd/issues/2024/23_0297.htm
pcd,188658,Defl:X,38944,79%,2025-01-07 18:00,c56c2956,pcd/issues/2024/23_0305.htm
pcd,113316,Defl:X,31133,73%,2025-01-07 18:00,351eba39,pcd/issues/2024/23_0307.htm
pcd,162250,Defl:X,39232,76%,2025-01-07 18:00,8b2e22e4,pcd/issues/2024/23_0311.htm
pcd,99124,Defl:X,24891,75%,2025-01-07 18:00,8904820e,pcd/issues/2024/23_0315.htm
pcd,144584,Defl:X,33852,77%,2025-01-07 18:00,93cdf3b7,pcd/issues/2024/23_0324.htm
pcd,102580,Defl:X,26142,75%,2025-01-07 18:00,ba04a007,pcd/issues/2024/23_0325.htm
pcd,202568,Defl:X,65569,68%,2025-01-07 18:00,206bb8c2,pcd/issues/2024/23_0329.htm
pcd,97259,Defl:X,24932,74%,2025-01-07 18:00,5c09590e,pcd/issues/2024/23_0335.htm
pcd,98165,Defl:X,24936,75%,2025-01-07 18:00,7e86abcf,pcd/issues/2024/23_0339.htm
pcd,206224,Defl:X,46307,78%,2025-01-07 18:00,219dda24,pcd/issues/2024/23_0347.htm
pcd,157360,Defl:X,39506,75%,2025-01-07 18:00,10c95038,pcd/issues/2024/23_0352.htm
pcd,153377,Defl:X,35444,77%,2025-01-07 18:00,509196b7,pcd/issues/2024/23_0354.htm
pcd,134732,Defl:X,29876,78%,2025-01-07 18:00,f1f4b1da,pcd/issues/2024/23_0358.htm
pcd,123145,Defl:X,29391,76%,2025-01-07 18:00,97ab644e,pcd/issues/2024/23_0399.htm
pcd,148014,Defl:X,37575,75%,2025-01-07 18:00,726017cf,pcd/issues/2024/23_0409.htm
pcd,133180,Defl:X,33983,75%,2025-01-07 18:00,1364aa1b,pcd/issues/2024/23_0413.htm
pcd,166570,Defl:X,39886,76%,2025-01-07 18:00,9db2cdd6,pcd/issues/2024/23_0415.htm
pcd,143244,Defl:X,37213,74%,2025-01-07 18:00,b150c380,pcd/issues/2024/23_0417.htm
pcd,127177,Defl:X,32639,74%,2025-01-07 18:00,9580916f,pcd/issues/2024/23_0420.htm
pcd,149361,Defl:X,37140,75%,2025-01-07 18:00,c7d5d0cb,pcd/issues/2024/23_0433.htm
pcd,127252,Defl:X,30034,76%,2025-01-07 18:00,ebe9136a,pcd/issues/2024/23_0444.htm
pcd,189478,Defl:X,38333,80%,2025-01-07 18:00,eca12ee6,pcd/issues/2024/23_0449.htm
pcd,118638,Defl:X,29118,76%,2025-01-07 18:00,f850ca4c,pcd/issues/2024/24_0003.htm
pcd,180769,Defl:X,38839,79%,2025-01-07 18:00,bfbc6ab0,pcd/issues/2024/24_0005.htm
pcd,168026,Defl:X,38478,77%,2025-01-07 18:00,c439272f,pcd/issues/2024/24_0009.htm
pcd,123397,Defl:X,27523,78%,2025-01-07 18:00,d8d72ff7,pcd/issues/2024/24_0016.htm
pcd,181666,Defl:X,39509,78%,2025-01-07 18:00,1b590b6a,pcd/issues/2024/24_0020.htm
pcd,107050,Defl:X,28087,74%,2025-01-07 18:00,b5b4c0c1,pcd/issues/2024/24_0027.htm
pcd,132184,Defl:X,33282,75%,2025-01-07 18:00,cf558855,pcd/issues/2024/24_0028.htm
pcd,135746,Defl:X,35288,74%,2025-01-07 18:00,722b2609,pcd/issues/2024/24_0035.htm
pcd,146139,Defl:X,36254,75%,2025-01-07 18:00,e5432e07,pcd/issues/2024/24_0046.htm
pcd,157035,Defl:X,37091,76%,2025-01-07 18:00,01ca0ae9,pcd/issues/2024/24_0049.htm
pcd,109098,Defl:X,28615,74%,2025-01-07 18:00,a1d39554,pcd/issues/2024/24_0051.htm
pcd,146215,Defl:X,35398,76%,2025-01-07 18:00,379dd46f,pcd/issues/2024/24_0052.htm
pcd,129306,Defl:X,28721,78%,2025-01-07 18:00,182e3ff1,pcd/issues/2024/24_0058.htm
pcd,99938,Defl:X,25924,74%,2025-01-07 18:00,1797d0d5,pcd/issues/2024/24_0059.htm
pcd,207090,Defl:X,42884,79%,2025-01-07 18:00,e9fb69ad,pcd/issues/2024/24_0060.htm
pcd,147109,Defl:X,34960,76%,2025-01-07 18:00,42acf945,pcd/issues/2024/24_0066.htm
pcd,96881,Defl:X,24776,74%,2025-01-07 18:00,aa507edc,pcd/issues/2024/24_0068.htm
pcd,161821,Defl:X,37989,77%,2025-01-07 18:00,542394ba,pcd/issues/2024/24_0074.htm
pcd,129739,Defl:X,32963,75%,2025-01-07 18:00,3a2dba26,pcd/issues/2024/24_0077.htm
pcd,171309,Defl:X,39858,77%,2025-01-07 18:00,6d5acfeb,pcd/issues/2024/24_0082.htm
pcd,129706,Defl:X,29591,77%,2025-01-07 18:00,8ff8c6a8,pcd/issues/2024/24_0087.htm
pcd,160076,Defl:X,37487,77%,2025-01-07 18:00,a123c4e8,pcd/issues/2024/24_0097.htm
pcd,151066,Defl:X,33700,78%,2025-01-07 18:00,d8e65265,pcd/issues/2024/24_0109.htm
pcd,210845,Defl:X,68544,68%,2025-01-07 18:00,76190eb7,pcd/issues/2024/24_0110.htm
pcd,162625,Defl:X,37882,77%,2025-01-07 18:00,e790dad9,pcd/issues/2024/24_0113.htm
pcd,171993,Defl:X,38444,78%,2025-01-07 18:00,f96d3263,pcd/issues/2024/24_0121.htm
pcd,169321,Defl:X,36710,78%,2025-01-07 18:00,62152246,pcd/issues/2024/24_0126.htm
pcd,155354,Defl:X,37908,76%,2025-01-07 18:00,ede99858,pcd/issues/2024/24_0136.htm
pcd,159728,Defl:X,35388,78%,2025-01-07 18:00,3772dbad,pcd/issues/2024/24_0137.htm
pcd,173515,Defl:X,39381,77%,2025-01-07 18:00,db459ce5,pcd/issues/2024/24_0138.htm
pcd,223366,Defl:X,44633,80%,2025-01-07 18:00,94af6b36,pcd/issues/2024/24_0142.htm
pcd,112907,Defl:X,28273,75%,2025-01-07 18:00,7a6ac086,pcd/issues/2024/24_0143.htm
pcd,129215,Defl:X,32961,75%,2025-01-07 18:00,25e2c428,pcd/issues/2024/24_0156.htm
pcd,111520,Defl:X,28989,74%,2025-01-07 18:00,eee8c7a4,pcd/issues/2024/24_0165.htm
pcd,169199,Defl:X,41307,76%,2025-01-07 18:00,aa12be4e,pcd/issues/2024/24_0171.htm
pcd,141115,Defl:X,36605,74%,2025-01-07 18:00,d92426a9,pcd/issues/2024/24_0173.htm
pcd,158774,Defl:X,39000,75%,2025-01-07 18:00,62e22f0d,pcd/issues/2024/24_0183.htm
pcd,96136,Defl:X,24882,74%,2025-01-07 18:00,68f67ac6,pcd/issues/2024/24_0185.htm
pcd,164351,Defl:X,38704,77%,2025-01-07 18:00,18f04708,pcd/issues/2024/24_0187.htm
pcd,90776,Defl:X,23771,74%,2025-01-07 18:00,18c121f2,pcd/issues/2024/24_0205.htm
pcd,157786,Defl:X,35444,78%,2025-01-07 18:00,66f9c8e4,pcd/issues/2024/24_0221.htm
pcd,172538,Defl:X,32077,81%,2025-01-07 18:00,41313c80,pcd/issues/2024/24_0229.htm
pcd,128887,Defl:X,33654,74%,2025-01-07 18:00,5171d635,pcd/issues/2024/24_0245.htm
pcd,100385,Defl:X,26376,74%,2025-01-07 18:00,f562f387,pcd/issues/2024/24_0255.htm
pcd,183667,Defl:X,40827,78%,2025-01-07 18:00,4093d3ec,pcd/issues/2024/24_0264.htm
pcd,98057,Defl:X,25518,74%,2025-01-07 18:00,be798e92,pcd/issues/2024/24_0312.htm
pcd,130423,Defl:X,30018,77%,2025-01-07 18:00,c6421f30,pcd/issues/2024/24_0313.htm
pcd,98203,Defl:X,24956,75%,2025-01-07 18:00,99f53b3f,pcd/issues/2024/24_0332.htm
pcd,104358,Defl:X,26608,75%,2025-01-07 18:00,72014acb,pcd/issues/2024/24_0344.htm
pcd,180031,Defl:X,39970,78%,2025-01-07 18:00,a6df753e,pcd/issues/2024/24_0362.htm
pcd,110665,Defl:X,28048,75%,2025-01-07 18:00,3fccb927,pcd/issues/2024/24_0396.htm
pcd,93189,Defl:X,24399,74%,2025-01-07 18:00,83bbdb93,pcd/issues/2024/24_0503.htm
pcd,92919,Defl:X,24078,74%,2025-01-07 18:00,1b5ac69d,pcd/issues/2024/24_0504.htm
